,product_id,category,animal,size,price,sales,rating,repeat_purchase
0,1,Food,Bird,large,51.1,1860.62,7.0,Y
1,2,Housing,Bird,medium,35.98,963.6,6.0,N
2,3,Food,Dog,medium,31.23,898.3,5.0,Y
3,4,Medicine,Cat,small,24.95,982.15,6.0,Y
4,5,Housing,Cat,small,26.18,832.63,7.0,Y
5,6,Housing,Dog,small,30.77,874.58,7.0,N
6,7,Housing,Dog,small,31.04,875.07,5.0,N
7,8,Toys,Cat,medium,28.9,1074.31,4.0,N
8,9,Equipment,Fish,medium,17.82,503.67,5.0,N
9,10,Medicine,Dog,medium,24.93,838.88,8.0,N
10,11,Food,Dog,large,40.87,1457.22,7.0,Y
11,12,Medicine,Bird,medium,34.96,1204.6,5.0,Y
12,13,Food,Dog,medium,31.07,889.73,4.0,N
13,14,Food,Dog,large,40.8,1450.5,6.0,Y
14,15,Accessory,Bird,medium,33.13,859.29,4.0,Y
15,16,Accessory,Bird,large,43.09,1418.72,1.0,Y
16,17,Equipment,Cat,small,28.29,1040.51,5.0,Y
17,18,Toys,Bird,medium,43.91,1521.51,3.0,Y
18,19,Toys,Cat,small,33.87,1333.9,6.0,N
19,20,Toys,Dog,large,44.0,1792.63,7.0,Y
20,21,Food,Fish,medium,28.064999999999998,542.06,0.0,N
21,22,Food,Dog,large,41.0,1456.58,3.0,N
22,23,unknown,Bird,medium,32.98,859.94,3.0,N
23,24,Equipment,Cat,medium,22.99,790.26,4.0,N
24,25,Toys,Dog,small,38.99,1410.66,3.0,N
25,26,Housing,Bird,large,45.83,1551.24,4.0,Y
26,27,Equipment,Cat,small,28.24,1046.0,4.0,N
27,28,Equipment,Cat,small,28.19,1036.72,5.0,Y
28,29,Equipment,Cat,small,27.79,1031.11,7.0,Y
29,30,Toys,Dog,small,38.86,1405.4,5.0,Y
30,31,Equipment,Fish,small,22.89,706.94,3.0,Y
31,32,Housing,Cat,small,26.07,830.8,7.0,N
32,33,Equipment,Cat,small,28.02,1027.95,6.0,N
33,34,Toys,Fish,medium,23.99,743.83,5.0,N
34,35,Equipment,Cat,small,28.25,1039.58,6.0,Y
35,36,Food,Dog,medium,30.87,879.37,4.0,Y
36,37,Equipment,Cat,small,28.09,1034.96,7.0,Y
37,38,Toys,Fish,small,29.01,966.05,2.0,N
38,39,Housing,Fish,large,26.13,783.84,6.0,Y
39,40,Toys,Bird,large,54.03,2248.63,5.0,N
40,41,Food,Cat,small,31.2,1074.63,3.0,Y
41,42,Food,Cat,small,30.92,1064.79,7.0,N
42,43,Housing,Cat,medium,20.95,615.07,5.0,Y
43,44,Equipment,Fish,medium,17.98,506.75,3.0,Y
44,45,Medicine,Bird,medium,28.064999999999998,1209.41,0.0,N
45,46,Accessory,Dog,large,32.98,1063.91,5.0,Y
46,47,Toys,Cat,small,28.064999999999998,1367.47,0.0,Y
47,48,Equipment,Cat,small,27.7,1022.95,8.0,N
48,49,Medicine,Cat,small,24.8,978.64,6.0,Y
49,50,Food,Cat,small,31.2,1074.1,6.0,N
50,51,Food,Cat,small,31.09,1071.72,6.0,N
51,52,Medicine,Fish,small,19.83,658.66,7.0,Y
52,53,Accessory,Dog,large,33.15,1068.44,7.0,N
53,54,Food,Fish,medium,21.25,548.05,4.0,N
54,55,Equipment,Dog,large,38.06,1449.87,5.0,Y
55,56,Food,Cat,small,30.89,1059.94,6.0,N
56,57,Medicine,Dog,large,35.04,1424.02,6.0,Y
57,58,Housing,Dog,medium,26.03,678.99,3.0,N
58,59,Toys,Dog,medium,33.94,1152.57,6.0,N
59,60,Housing,Cat,small,25.81,814.06,3.0,N
60,61,Accessory,Dog,large,32.99,1068.83,4.0,Y
61,62,Equipment,Fish,medium,17.9,506.2,3.0,Y
62,63,Food,Fish,large,30.96,1016.49,5.0,N
63,64,Food,Dog,large,40.93,1459.08,3.0,N
64,65,Medicine,Dog,medium,24.98,836.05,5.0,Y
65,66,Housing,Cat,small,26.08,831.86,4.0,Y
66,67,Equipment,Fish,small,23.08,710.55,5.0,N
67,68,Housing,Dog,medium,26.0,675.06,3.0,Y
68,69,Equipment,Cat,medium,22.95,790.28,6.0,N
69,70,Toys,Dog,small,39.03,1411.58,6.0,N
70,71,Equipment,Dog,large,28.064999999999998,1446.43,0.0,N
71,72,Medicine,Bird,medium,34.96,1207.21,6.0,Y
72,73,unknown,Dog,small,33.13,1101.89,4.0,N
73,74,Food,Bird,large,28.064999999999998,1864.01,0.0,N
74,75,Equipment,Fish,small,23.19,706.38,6.0,Y
75,76,Food,Fish,large,31.0,1023.95,6.0,Y
76,77,Housing,Cat,medium,21.05,614.54,3.0,Y
77,78,Food,Cat,small,31.5,1090.84,6.0,N
78,79,Medicine,Cat,small,24.7,975.88,6.0,Y
79,80,Accessory,Dog,small,27.76,764.19,3.0,N
80,81,Accessory,Cat,medium,18.06,518.45,6.0,Y
81,82,Equipment,Fish,small,22.99,709.87,2.0,N
82,83,Equipment,Cat,small,28.43,1047.28,5.0,Y
83,84,Toys,Bird,medium,43.99,1534.9,7.0,N
84,85,Equipment,Dog,medium,28.064999999999998,870.15,0.0,Y
85,86,Food,Bird,medium,41.03,1206.69,6.0,Y
86,87,Equipment,Cat,small,28.28,1042.37,5.0,N
87,88,Food,Dog,large,40.93,1463.29,4.0,Y
88,89,Housing,Cat,small,25.96,825.63,4.0,N
89,90,Equipment,Cat,small,28.064999999999998,1014.17,0.0,N
90,91,Equipment,Cat,small,27.86,1022.0,6.0,Y
91,92,Toys,Dog,small,38.95,1418.52,6.0,Y
92,93,Housing,Bird,medium,36.22,965.85,4.0,N
93,94,Accessory,Dog,medium,23.02,578.95,5.0,N
94,95,Housing,Cat,small,28.064999999999998,821.2,0.0,N
95,96,Housing,Cat,medium,21.14,617.64,7.0,Y
96,97,Accessory,Bird,large,42.99,1417.24,5.0,N
97,98,Equipment,Cat,small,27.95,1026.77,6.0,Y
98,99,Equipment,Dog,large,38.0,1447.26,5.0,N
99,100,Equipment,Cat,small,28.2,1035.18,6.0,Y
100,101,Housing,Dog,small,28.064999999999998,892.3,0.0,Y
101,102,Toys,Dog,small,39.16,1425.23,3.0,Y
102,103,Medicine,Dog,medium,25.07,846.96,4.0,N
103,104,Medicine,Fish,medium,15.0,464.88,6.0,Y
104,105,Housing,Bird,medium,35.95,962.13,2.0,Y
105,106,Equipment,Cat,small,27.86,1027.49,3.0,N
106,107,Medicine,Cat,large,30.03,1321.82,8.0,Y
107,108,Equipment,Fish,small,22.98,712.43,6.0,N
108,109,Equipment,Cat,small,27.97,1028.72,5.0,Y
109,110,Toys,Fish,small,28.74,969.57,4.0,Y
110,111,Equipment,Dog,small,28.064999999999998,1112.08,0.0,Y
111,112,Food,Cat,medium,26.05,829.81,6.0,Y
112,113,Housing,Bird,large,45.99,1558.19,6.0,N
113,114,Housing,Cat,small,25.83,821.45,8.0,N
114,115,Equipment,Dog,small,32.98,1106.85,6.0,Y
115,116,Accessory,Fish,large,22.75,670.79,3.0,N
116,117,Toys,Fish,large,28.064999999999998,1300.33,0.0,Y
117,118,Equipment,Cat,small,28.03,1029.38,6.0,Y
118,119,Equipment,Cat,small,27.7,1021.27,4.0,N
119,120,Toys,Cat,medium,29.02,1073.29,6.0,Y
120,121,Food,Dog,small,28.064999999999998,1132.38,0.0,N
121,122,Equipment,Cat,medium,23.19,801.04,3.0,Y
122,123,Food,Dog,medium,30.92,885.87,4.0,Y
123,124,Housing,Dog,medium,26.32,685.86,2.0,Y
124,125,Equipment,Cat,small,28.2,1047.38,5.0,N
125,126,Equipment,Cat,small,27.99,1028.27,6.0,N
126,127,Medicine,Cat,small,25.07,999.58,8.0,Y
127,128,Toys,Fish,medium,28.064999999999998,747.58,0.0,N
128,129,Equipment,Cat,medium,22.98,795.34,7.0,N
129,130,Toys,Fish,large,34.18,1307.35,4.0,N
130,131,Housing,Fish,small,21.07,538.15,4.0,Y
131,132,Equipment,Cat,small,28.064999999999998,1038.07,0.0,Y
132,133,Housing,Bird,large,28.064999999999998,1556.37,0.0,Y
133,134,Housing,Fish,small,28.064999999999998,529.96,0.0,Y
134,135,Food,Dog,large,28.064999999999998,1451.97,0.0,N
135,136,Medicine,Bird,small,28.064999999999998,1495.56,0.0,Y
136,137,Housing,Cat,small,25.97,823.94,5.0,Y
137,138,Equipment,Fish,small,23.14,711.93,4.0,N
138,139,Accessory,Bird,large,42.85,1411.53,5.0,N
139,140,Toys,Cat,small,34.08,1348.96,6.0,Y
140,141,Toys,Dog,small,28.064999999999998,1390.98,0.0,Y
141,142,Equipment,Cat,medium,22.97,790.52,5.0,Y
142,143,Toys,Fish,medium,24.24,749.2,6.0,Y
143,144,Food,Bird,medium,41.02,1204.42,3.0,Y
144,145,Equipment,Cat,small,27.95,1025.34,8.0,N
145,146,Food,Dog,large,41.04,1456.69,8.0,N
146,147,Equipment,Fish,small,22.68,697.2,2.0,N
147,148,Medicine,Cat,small,24.83,981.35,7.0,Y
148,149,Equipment,Cat,small,27.77,1022.07,5.0,N
149,150,Equipment,Cat,small,27.99,1026.36,6.0,Y
150,151,Food,Bird,large,50.92,1859.84,5.0,Y
151,152,Food,Dog,large,41.01,1464.8,4.0,Y
152,153,Housing,Bird,medium,36.08,962.39,5.0,Y
153,154,Housing,Cat,medium,21.12,619.13,4.0,Y
154,155,Housing,Fish,medium,16.11,373.72,5.0,N
155,156,Food,Cat,small,30.96,1059.68,7.0,Y
156,157,Food,Bird,small,45.83,1460.05,6.0,Y
157,158,Medicine,Dog,small,29.99,1088.15,3.0,N
158,159,Accessory,Dog,medium,28.064999999999998,583.06,0.0,N
159,160,Toys,Fish,large,34.17,1299.15,5.0,Y
160,161,Medicine,Fish,small,19.76,657.92,3.0,Y
161,162,Food,Dog,medium,30.86,880.28,5.0,Y
162,163,Housing,Cat,small,26.13,827.52,6.0,Y
163,164,Medicine,Fish,large,24.94,941.39,6.0,N
164,165,Food,Bird,large,51.18,1869.97,6.0,Y
165,166,Medicine,Cat,medium,20.06,741.16,4.0,N
166,167,Equipment,Cat,small,27.93,1031.5,6.0,Y
167,168,Food,Cat,medium,26.24,837.67,6.0,Y
168,169,Food,Cat,medium,25.88,825.61,5.0,Y
169,170,Equipment,Cat,small,28.17,1041.59,3.0,N
170,171,Toys,Dog,small,39.26,1412.54,4.0,N
171,172,Toys,Cat,small,34.17,1350.32,8.0,N
172,173,Equipment,Cat,small,28.07,1034.36,5.0,Y
173,174,unknown,Bird,large,51.1,1868.47,5.0,N
174,175,Toys,Cat,small,34.03,1338.54,6.0,N
175,176,Food,Bird,medium,41.08,1204.46,4.0,Y
176,177,Medicine,Dog,medium,25.05,844.17,5.0,Y
177,178,Medicine,Cat,medium,19.88,734.01,8.0,N
178,179,unknown,Bird,large,50.99,1855.16,5.0,Y
179,180,Housing,Fish,medium,15.91,367.02,5.0,N
180,181,Housing,Fish,small,20.79,529.93,3.0,N
181,182,Food,Bird,medium,40.88,1206.88,7.0,Y
182,183,Food,Fish,small,26.3,740.93,3.0,Y
183,184,Equipment,Cat,medium,22.86,787.87,4.0,Y
184,185,Toys,Cat,small,34.11,1345.58,6.0,Y
185,186,Toys,Dog,medium,34.02,1158.66,5.0,N
186,187,Housing,Cat,large,28.064999999999998,1125.8,0.0,Y
187,188,Medicine,Fish,small,20.03,663.35,5.0,Y
188,189,Food,Fish,small,26.67,752.3,3.0,Y
189,190,Food,Dog,large,41.15,1467.02,6.0,N
190,191,Equipment,Dog,small,33.1,1118.36,3.0,N
191,192,Equipment,Cat,small,28.31,1048.92,8.0,Y
192,193,Medicine,Dog,medium,25.06,842.46,3.0,Y
193,194,Medicine,Dog,small,28.064999999999998,1081.7,0.0,Y
194,195,Food,Cat,small,31.04,1074.04,4.0,N
195,196,Equipment,Cat,small,27.98,1029.34,7.0,N
196,197,Medicine,Cat,small,25.02,992.22,6.0,Y
197,198,Equipment,Cat,small,27.65,1019.82,6.0,N
198,199,Equipment,Dog,small,33.09,1110.67,3.0,Y
199,200,Equipment,Dog,medium,28.0,873.45,2.0,Y
200,201,Toys,Dog,small,28.064999999999998,1407.71,0.0,Y
201,202,Equipment,Fish,small,23.01,703.91,3.0,Y
202,203,Food,Bird,small,46.02,1470.55,2.0,Y
203,204,Housing,Bird,large,45.94,1541.46,5.0,N
204,205,Equipment,Cat,small,28.04,1039.48,5.0,Y
205,206,Toys,Dog,small,38.87,1408.33,4.0,Y
206,207,Medicine,Cat,medium,20.05,740.8,4.0,N
207,208,Medicine,Fish,small,19.86,659.93,3.0,N
208,209,Food,Dog,small,35.99,1122.98,5.0,Y
209,210,Equipment,Cat,small,28.064999999999998,1033.55,0.0,Y
210,211,Equipment,Fish,small,22.9,700.8,3.0,N
211,212,Toys,Cat,small,28.064999999999998,1383.43,0.0,N
212,213,Toys,Bird,small,48.91,1816.23,6.0,Y
213,214,Housing,Cat,small,25.91,822.17,4.0,Y
214,215,Food,Bird,small,45.83,1461.36,4.0,N
215,216,Accessory,Dog,large,33.03,1062.88,4.0,Y
216,217,Equipment,Cat,small,27.89,1029.56,3.0,Y
217,218,Food,Dog,small,35.97,1111.28,3.0,N
218,219,Toys,Cat,large,28.064999999999998,1729.76,0.0,N
219,220,Equipment,Fish,small,23.16,710.4,2.0,N
220,221,Housing,Dog,large,35.89,1177.84,5.0,Y
221,222,Food,Fish,small,25.84,729.2,4.0,Y
222,223,Medicine,Dog,large,34.85,1416.51,7.0,Y
223,224,Accessory,Fish,large,22.94,669.84,5.0,Y
224,225,Food,Fish,large,31.08,1020.19,3.0,N
225,226,Medicine,Cat,small,25.16,989.87,4.0,Y
226,227,Housing,Fish,large,26.13,786.17,4.0,Y
227,228,Food,Bird,large,50.84,1846.82,6.0,Y
228,229,Equipment,Dog,small,32.91,1093.36,3.0,N
229,230,Equipment,Cat,small,28.17,1034.28,5.0,N
230,231,Medicine,Dog,large,28.064999999999998,1423.72,0.0,N
231,232,Food,Fish,small,25.83,731.17,6.0,N
232,233,unknown,Cat,small,27.74,1024.25,6.0,Y
233,234,Food,Cat,large,36.03,1400.69,7.0,Y
234,235,Food,Dog,medium,30.75,880.03,5.0,N
235,236,Accessory,Bird,large,28.064999999999998,1411.55,0.0,Y
236,237,Equipment,Fish,small,23.05,699.21,3.0,Y
237,238,Toys,Fish,medium,24.05,747.39,6.0,N
238,239,Equipment,Cat,small,27.96,1037.79,5.0,N
239,240,Toys,Cat,small,33.93,1343.52,6.0,Y
240,241,Equipment,Cat,medium,23.28,801.56,3.0,Y
241,242,Toys,Cat,small,34.01,1347.06,7.0,Y
242,243,Housing,Fish,medium,16.23,375.37,4.0,N
243,244,Housing,Dog,small,30.92,876.82,6.0,Y
244,245,Toys,Fish,medium,24.03,745.79,4.0,N
245,246,Medicine,Cat,medium,19.87,734.24,3.0,Y
246,247,Equipment,Cat,small,27.97,1034.03,4.0,N
247,248,Food,Fish,medium,21.02,544.63,2.0,Y
248,249,Accessory,Bird,large,42.97,1420.58,6.0,Y
249,250,Toys,Dog,large,28.064999999999998,1795.05,0.0,N
250,251,Equipment,Dog,large,38.32,1461.63,6.0,N
251,252,Medicine,Cat,small,24.96,984.98,7.0,Y
252,253,Accessory,Cat,small,23.07,722.66,5.0,Y
253,254,Accessory,Fish,medium,12.89,288.01,3.0,N
254,255,Medicine,Cat,small,25.09,989.83,6.0,Y
255,256,Equipment,Dog,small,32.96,1106.18,5.0,Y
256,257,Housing,Cat,small,28.064999999999998,823.68,0.0,Y
257,258,Housing,Fish,small,21.22,540.81,3.0,N
258,259,Equipment,Cat,small,28.33,1044.42,4.0,N
259,260,Toys,Dog,small,38.89,1417.68,5.0,N
260,261,Food,Dog,small,35.87,1118.67,6.0,Y
261,262,Equipment,Cat,small,28.03,1034.78,6.0,Y
262,263,Food,Fish,small,25.92,729.11,4.0,Y
263,264,Equipment,Fish,medium,18.08,511.72,5.0,Y
264,265,Toys,Cat,small,33.87,1350.59,6.0,N
265,266,Equipment,Cat,small,28.064999999999998,1030.43,0.0,N
266,267,Toys,Fish,small,28.92,964.24,4.0,Y
267,268,unknown,Fish,small,23.12,708.32,4.0,Y
268,269,Equipment,Cat,small,27.87,1020.96,5.0,Y
269,270,Medicine,Bird,medium,35.03,1207.13,6.0,Y
270,271,Toys,Dog,medium,33.93,1144.31,5.0,N
271,272,Food,Dog,large,41.04,1470.65,6.0,Y
272,273,Housing,Dog,small,31.23,884.46,3.0,Y
273,274,Equipment,Fish,small,22.93,703.79,5.0,Y
274,275,Medicine,Fish,medium,15.03,464.98,3.0,Y
275,276,Toys,Cat,medium,29.01,1074.06,3.0,Y
276,277,Accessory,Dog,medium,28.064999999999998,574.23,0.0,Y
277,278,Food,Dog,small,35.99,1120.11,4.0,N
278,279,Medicine,Cat,small,28.064999999999998,986.94,0.0,N
279,280,Toys,Dog,large,43.9,1795.77,5.0,Y
280,281,Equipment,Cat,small,28.2,1034.1,3.0,Y
281,282,Toys,Fish,small,29.0,972.44,8.0,Y
282,283,Housing,Cat,large,31.04,1124.81,5.0,Y
283,284,Food,Cat,medium,26.1,834.51,4.0,N
284,285,Food,Dog,large,41.11,1467.21,4.0,Y
285,286,Equipment,Cat,small,28.064999999999998,1029.17,0.0,Y
286,287,Equipment,Cat,medium,28.064999999999998,798.26,0.0,N
287,288,Equipment,Cat,small,28.1,1043.5,7.0,N
288,289,Housing,Fish,medium,28.064999999999998,363.73,0.0,Y
289,290,Equipment,Cat,small,27.82,1026.3,8.0,Y
290,291,Toys,Cat,small,34.0,1346.68,5.0,N
291,292,Food,Bird,large,50.9,1861.97,4.0,Y
292,293,Food,Bird,large,50.98,1864.04,6.0,N
293,294,Toys,Cat,medium,29.19,1087.59,4.0,Y
294,295,Toys,Bird,large,54.05,2249.4,4.0,N
295,296,Toys,Fish,medium,24.16,747.43,4.0,Y
296,297,Toys,Bird,medium,43.92,1525.97,6.0,Y
297,298,Equipment,Fish,small,28.064999999999998,712.28,0.0,Y
298,299,Medicine,Fish,medium,15.05,464.52,6.0,Y
299,300,Accessory,Dog,small,27.82,772.16,5.0,Y
300,301,Food,Cat,medium,26.06,832.08,6.0,Y
301,302,Toys,Cat,small,33.91,1346.02,6.0,N
302,303,Equipment,Cat,small,28.0,1025.83,4.0,Y
303,304,Food,Fish,large,30.97,1014.57,3.0,Y
304,305,Equipment,Fish,small,22.98,707.63,5.0,N
305,306,Toys,Cat,small,33.97,1349.03,6.0,Y
306,307,Equipment,Cat,small,28.064999999999998,1034.74,0.0,Y
307,308,Equipment,Cat,medium,22.93,787.3,3.0,Y
308,309,Toys,Cat,small,34.12,1364.65,6.0,N
309,310,Accessory,Dog,medium,22.92,577.97,3.0,N
310,311,Medicine,Dog,medium,25.19,846.27,5.0,Y
311,312,Food,Dog,medium,30.85,885.8,4.0,Y
312,313,Food,Dog,medium,28.064999999999998,882.34,0.0,Y
313,314,Equipment,Cat,small,28.18,1036.46,6.0,N
314,315,Accessory,Bird,medium,33.1,860.69,5.0,N
315,316,Housing,Dog,small,30.82,881.02,4.0,Y
316,317,Equipment,Cat,small,28.42,1045.29,5.0,Y
317,318,Food,Cat,medium,26.08,837.94,4.0,Y
318,319,Food,Fish,medium,20.89,538.41,5.0,N
319,320,Accessory,Bird,medium,28.064999999999998,859.11,0.0,Y
320,321,Housing,Cat,small,25.81,820.54,5.0,Y
321,322,Equipment,Cat,small,27.91,1030.16,5.0,N
322,323,Food,Bird,medium,41.01,1210.66,4.0,N
323,324,Toys,Cat,small,33.84,1346.25,5.0,Y
324,325,Toys,Cat,small,34.53,1356.71,8.0,Y
325,326,Food,Fish,medium,21.02,543.87,4.0,N
326,327,Equipment,Fish,small,23.28,716.79,4.0,Y
327,328,Toys,Cat,medium,28.86,1064.54,5.0,Y
328,329,Food,Bird,large,28.064999999999998,1859.03,0.0,Y
329,330,Equipment,Fish,small,23.02,708.63,6.0,Y
330,331,Equipment,Cat,small,27.98,1036.31,7.0,Y
331,332,Food,Dog,large,41.14,1466.3,6.0,Y
332,333,Food,Fish,large,30.99,1020.05,6.0,Y
333,334,Housing,Dog,medium,25.99,673.68,5.0,Y
334,335,Toys,Dog,small,39.0,1411.57,6.0,Y
335,336,Housing,Dog,medium,25.98,674.22,4.0,N
336,337,Equipment,Cat,small,27.84,1030.21,4.0,N
337,338,Food,Fish,medium,21.02,543.97,3.0,Y
338,339,Food,Bird,medium,41.0,1208.27,5.0,Y
339,340,Toys,Fish,small,29.13,965.84,5.0,Y
340,341,Medicine,Fish,small,19.84,657.38,5.0,N
341,342,Medicine,Cat,small,24.85,981.18,4.0,N
342,343,Toys,Fish,large,33.78,1283.93,4.0,Y
343,344,unknown,Cat,small,27.78,1026.38,6.0,N
344,345,Food,Fish,medium,21.02,540.34,2.0,N
345,346,Accessory,Bird,medium,33.15,860.51,6.0,Y
346,347,Accessory,Cat,small,28.064999999999998,706.7,0.0,Y
347,348,Equipment,Dog,medium,28.05,870.3,3.0,Y
348,349,Medicine,Bird,medium,34.96,1200.15,4.0,N
349,350,Housing,Dog,small,30.73,869.43,6.0,Y
350,351,Medicine,Fish,small,19.99,663.63,6.0,Y
351,352,Equipment,Cat,small,28.11,1040.53,7.0,Y
352,353,Housing,Bird,large,46.16,1557.58,3.0,Y
353,354,Accessory,Bird,large,42.93,1409.97,3.0,Y
354,355,Equipment,Cat,small,27.99,1044.51,8.0,Y
355,356,Medicine,Bird,medium,34.88,1198.81,4.0,Y
356,357,Equipment,Cat,small,28.36,1044.03,5.0,N
357,358,Toys,Cat,small,33.99,1345.66,6.0,N
358,359,Toys,Bird,medium,44.07,1517.76,5.0,Y
359,360,Housing,Dog,small,31.22,877.81,3.0,Y
360,361,Housing,Dog,medium,28.064999999999998,674.73,0.0,Y
361,362,Housing,Bird,large,46.11,1565.71,7.0,N
362,363,Equipment,Fish,small,22.91,700.94,3.0,Y
363,364,Accessory,Bird,medium,33.11,864.73,4.0,Y
364,365,Accessory,Dog,large,32.79,1060.94,5.0,N
365,366,Equipment,Cat,medium,23.07,799.68,5.0,Y
366,367,Equipment,Cat,small,27.81,1025.05,7.0,Y
367,368,Food,Dog,medium,30.89,885.79,5.0,N
368,369,Equipment,Cat,small,27.92,1031.79,3.0,Y
369,370,unknown,Dog,large,28.064999999999998,1462.67,0.0,Y
370,371,Medicine,Fish,small,20.03,665.55,6.0,Y
371,372,Toys,Fish,small,28.97,961.73,4.0,Y
372,373,Equipment,Fish,medium,18.12,514.67,3.0,Y
373,374,Food,Fish,medium,21.04,540.38,5.0,Y
374,375,Housing,Fish,medium,28.064999999999998,370.28,0.0,N
375,376,Equipment,Cat,small,27.9,1026.74,6.0,N
376,377,Equipment,Cat,medium,22.88,789.06,4.0,Y
377,378,Medicine,Fish,small,20.21,666.75,4.0,Y
378,379,Equipment,Cat,small,27.88,1032.4,7.0,Y
379,380,Food,Dog,small,35.76,1112.35,4.0,Y
380,381,Food,Fish,small,25.76,731.75,4.0,Y
381,382,Medicine,Cat,small,24.94,979.15,9.0,N
382,383,Food,Fish,small,26.05,747.96,2.0,Y
383,384,Equipment,Dog,medium,28.0,871.81,5.0,Y
384,385,Toys,Fish,large,34.09,1301.35,9.0,Y
385,386,Equipment,Fish,medium,18.08,510.02,4.0,Y
386,387,Housing,Dog,small,30.86,871.1,3.0,N
387,388,Food,Dog,medium,31.08,889.15,5.0,N
388,389,Medicine,Bird,medium,35.11,1216.53,6.0,N
389,390,Equipment,Fish,small,22.93,702.94,5.0,N
390,391,Food,Bird,medium,40.89,1208.03,4.0,Y
391,392,Housing,Dog,medium,25.92,674.67,6.0,Y
392,393,Equipment,Cat,small,28.15,1034.36,7.0,Y
393,394,Medicine,Cat,medium,28.064999999999998,745.83,0.0,Y
394,395,Housing,Bird,medium,28.064999999999998,958.94,0.0,N
395,396,Toys,Fish,medium,23.86,741.11,6.0,Y
396,397,Medicine,Dog,medium,24.8,837.19,4.0,N
397,398,Equipment,Fish,small,23.11,716.78,5.0,N
398,399,Toys,Fish,large,33.97,1289.12,6.0,N
399,400,Accessory,Dog,large,33.14,1065.51,2.0,N
400,401,Equipment,Cat,small,28.06,1030.25,7.0,N
401,402,Toys,Fish,small,28.85,971.26,4.0,N
402,403,Accessory,Bird,large,42.88,1416.28,5.0,Y
403,404,Housing,Fish,small,21.36,541.92,4.0,Y
404,405,Food,Bird,large,50.92,1849.66,5.0,N
405,406,Food,Cat,small,28.064999999999998,1065.98,0.0,Y
406,407,Medicine,Fish,small,19.95,665.53,6.0,N
407,408,Toys,Cat,small,34.24,1361.1,8.0,N
408,409,Equipment,Cat,small,28.04,1035.07,4.0,N
409,410,Food,Bird,medium,41.13,1211.2,5.0,N
410,411,Housing,Cat,small,26.19,826.92,3.0,Y
411,412,Housing,Cat,small,26.44,834.68,4.0,N
412,413,Housing,Dog,medium,26.01,673.05,3.0,N
413,414,Equipment,Cat,small,27.98,1036.29,6.0,N
414,415,Equipment,Cat,small,28.064999999999998,1036.69,0.0,N
415,416,Equipment,Cat,small,27.94,1035.28,3.0,Y
416,417,Food,Fish,medium,20.92,539.64,1.0,Y
417,418,Housing,Cat,large,31.16,1138.04,7.0,N
418,419,Toys,Fish,small,29.13,973.42,6.0,N
419,420,Equipment,Fish,small,22.87,700.78,5.0,Y
420,421,Housing,Cat,medium,21.03,616.66,6.0,Y
421,422,Food,Bird,large,50.91,1854.43,7.0,Y
422,423,Equipment,Cat,small,27.94,1034.34,5.0,Y
423,424,Housing,Bird,small,41.01,1191.23,5.0,N
424,425,Equipment,Cat,small,27.82,1031.78,6.0,N
425,426,Housing,Fish,large,26.0,782.43,4.0,N
426,427,unknown,Cat,medium,28.064999999999998,1080.53,0.0,N
427,428,Equipment,Dog,small,32.95,1104.95,5.0,N
428,429,Food,Dog,small,36.04,1119.84,7.0,N
429,430,Medicine,Dog,small,30.18,1096.79,4.0,Y
430,431,Toys,Fish,small,29.02,975.45,6.0,Y
431,432,Accessory,Dog,large,33.1,1062.62,5.0,N
432,433,Toys,Dog,small,38.84,1417.22,6.0,Y
433,434,Food,Bird,small,45.78,1456.48,6.0,N
434,435,Housing,Cat,small,26.29,834.96,5.0,Y
435,436,Food,Fish,medium,20.87,543.76,4.0,Y
436,437,Toys,Cat,small,33.89,1340.5,9.0,Y
437,438,Equipment,Cat,small,28.04,1040.72,6.0,Y
438,439,Food,Dog,medium,31.19,898.42,3.0,Y
439,440,Toys,Cat,small,34.47,1374.79,4.0,N
440,441,Housing,Cat,medium,21.03,617.98,3.0,N
441,442,Toys,Bird,medium,43.95,1522.52,4.0,Y
442,443,Food,Dog,large,40.99,1464.54,5.0,N
443,444,Equipment,Fish,medium,18.01,510.19,2.0,Y
444,445,Toys,Fish,medium,24.06,744.96,5.0,Y
445,446,Equipment,Cat,small,27.99,1029.53,5.0,Y
446,447,Food,Bird,medium,40.9,1216.38,5.0,Y
447,448,Toys,Fish,medium,24.02,742.64,5.0,Y
448,449,Toys,Bird,large,54.16,2248.04,8.0,Y
449,450,Toys,Cat,small,34.1,1344.84,6.0,N
450,451,Housing,Cat,small,26.08,822.27,4.0,Y
451,452,Accessory,Bird,large,42.82,1417.18,4.0,N
452,453,Toys,Fish,small,28.98,973.92,6.0,Y
453,454,Accessory,Bird,large,43.12,1434.65,5.0,N
454,455,Accessory,Cat,medium,17.95,512.36,3.0,N
455,456,Accessory,Bird,large,42.92,1411.82,4.0,N
456,457,Food,Fish,small,26.33,750.33,5.0,Y
457,458,Medicine,Cat,small,25.17,994.41,9.0,Y
458,459,Medicine,Bird,large,45.06,1871.35,8.0,N
459,460,Medicine,Cat,small,24.76,970.57,7.0,Y
460,461,Medicine,Fish,small,20.09,669.38,6.0,Y
461,462,Housing,Dog,small,31.09,886.84,3.0,Y
462,463,Medicine,Dog,small,29.98,1081.52,7.0,Y
463,464,Medicine,Fish,small,19.98,662.74,3.0,Y
464,465,Equipment,Cat,medium,22.99,794.74,5.0,N
465,466,Food,Cat,medium,26.15,836.75,4.0,Y
466,467,Toys,Bird,large,53.97,2246.77,8.0,Y
467,468,Housing,Dog,small,30.96,868.61,6.0,N
468,469,Accessory,Bird,large,43.04,1422.27,5.0,Y
469,470,Food,Bird,large,51.04,1861.15,4.0,Y
470,471,Toys,Cat,small,28.064999999999998,1354.1,0.0,Y
471,472,Medicine,Dog,medium,28.064999999999998,842.07,0.0,N
472,473,Equipment,Cat,medium,23.14,797.38,6.0,N
473,474,Equipment,Cat,small,28.3,1047.8,3.0,N
474,475,Medicine,Cat,medium,19.94,735.52,6.0,Y
475,476,Food,Fish,small,26.22,735.94,2.0,N
476,477,Medicine,Fish,medium,14.99,461.05,5.0,Y
477,478,Accessory,Dog,medium,22.98,578.38,3.0,Y
478,479,Toys,Dog,small,38.98,1415.14,4.0,N
479,480,Equipment,Fish,small,23.09,710.71,6.0,N
480,481,Medicine,Dog,medium,25.06,842.67,5.0,Y
481,482,Food,Dog,medium,28.064999999999998,888.34,0.0,N
482,483,Medicine,Dog,medium,28.064999999999998,840.67,0.0,Y
483,484,Toys,Fish,small,29.01,971.13,6.0,N
484,485,Medicine,Bird,small,39.79,1476.14,5.0,Y
485,486,Accessory,Bird,large,43.03,1424.58,5.0,Y
486,487,Medicine,Cat,small,24.74,977.78,7.0,Y
487,488,Housing,Fish,medium,15.95,369.07,3.0,Y
488,489,Equipment,Fish,small,23.07,702.33,5.0,N
489,490,Housing,Dog,small,30.93,886.42,6.0,Y
490,491,Equipment,Cat,small,27.83,1025.24,4.0,Y
491,492,Toys,Cat,small,28.064999999999998,1371.3,0.0,Y
492,493,Housing,Dog,small,30.81,864.88,3.0,Y
493,494,Food,Bird,medium,40.83,1196.56,4.0,Y
494,495,Food,Dog,large,40.91,1460.29,6.0,Y
495,496,Food,Fish,small,25.7,727.87,3.0,Y
496,497,Food,Cat,small,31.03,1072.2,6.0,Y
497,498,Equipment,Dog,large,37.89,1440.06,4.0,Y
498,499,Equipment,Cat,medium,22.9,787.62,6.0,N
499,500,Toys,Fish,large,34.17,1296.58,5.0,Y
500,501,Housing,Cat,small,28.064999999999998,830.74,0.0,N
501,502,Housing,Bird,medium,36.01,962.21,5.0,N
502,503,Housing,Fish,medium,16.17,374.04,4.0,Y
503,504,Medicine,Cat,medium,28.064999999999998,735.57,0.0,N
504,505,Housing,Fish,medium,15.94,365.3,4.0,N
505,506,Housing,Bird,small,40.97,1204.78,6.0,Y
506,507,Accessory,Bird,medium,33.04,861.89,5.0,Y
507,508,Housing,Dog,medium,26.2,678.22,2.0,Y
508,509,Toys,Dog,small,39.19,1419.66,3.0,Y
509,510,Medicine,Cat,medium,19.97,736.3,6.0,Y
510,511,Housing,Dog,medium,26.03,675.41,7.0,N
511,512,Food,Cat,large,36.0,1408.16,6.0,Y
512,513,Toys,Dog,small,38.66,1403.4,5.0,N
513,514,Toys,Fish,medium,23.95,742.87,7.0,Y
514,515,Accessory,Dog,medium,22.88,577.12,4.0,N
515,516,Housing,Fish,large,25.93,784.8,3.0,Y
516,517,Medicine,Cat,small,25.29,1001.91,7.0,Y
517,518,Toys,Dog,large,44.03,1797.02,7.0,Y
518,519,Food,Cat,medium,25.9,831.78,3.0,Y
519,520,Medicine,Cat,medium,19.91,735.01,8.0,Y
520,521,Toys,Cat,small,33.91,1337.11,9.0,N
521,522,Toys,Dog,medium,28.064999999999998,1159.18,0.0,Y
522,523,Housing,Dog,medium,26.09,671.89,3.0,N
523,524,Medicine,Fish,small,19.89,661.23,6.0,N
524,525,Accessory,Dog,large,33.06,1063.55,2.0,N
525,526,Accessory,Bird,medium,32.96,856.75,5.0,Y
526,527,Equipment,Fish,small,22.69,695.63,6.0,Y
527,528,Medicine,Cat,small,24.78,975.55,6.0,Y
528,529,Housing,Cat,small,25.92,820.26,3.0,N
529,530,Toys,Fish,small,29.09,979.48,8.0,Y
530,531,Accessory,Fish,small,18.09,446.76,3.0,N
531,532,Food,Bird,large,50.9,1862.12,7.0,Y
532,533,Equipment,Cat,small,28.15,1040.73,8.0,Y
533,534,Toys,Cat,small,34.18,1357.61,7.0,N
534,535,Toys,Cat,small,34.03,1347.16,7.0,Y
535,536,Equipment,Cat,small,28.03,1035.32,6.0,N
536,537,Medicine,Dog,medium,25.16,846.37,3.0,N
537,538,Housing,Dog,small,28.064999999999998,887.93,0.0,Y
538,539,Equipment,Cat,medium,28.064999999999998,795.71,0.0,Y
539,540,Housing,Fish,large,25.91,775.92,3.0,Y
540,541,Housing,Dog,medium,25.98,676.72,3.0,Y
541,542,Medicine,Cat,medium,20.11,745.46,5.0,Y
542,543,Housing,Dog,large,36.09,1187.66,4.0,Y
543,544,Medicine,Fish,large,24.88,942.65,6.0,Y
544,545,Accessory,Dog,medium,22.93,574.75,1.0,Y
545,546,Toys,Cat,small,34.28,1354.57,6.0,Y
546,547,Toys,Cat,medium,29.05,1079.88,7.0,Y
547,548,Food,Dog,small,35.99,1130.21,3.0,Y
548,549,Toys,Bird,small,49.02,1820.0,5.0,Y
549,550,Food,Fish,large,31.16,1028.57,6.0,N
550,551,Equipment,Cat,small,28.27,1048.08,7.0,Y
551,552,Food,Fish,medium,21.14,548.11,3.0,N
552,553,Equipment,Dog,medium,27.93,871.63,6.0,Y
553,554,Equipment,Fish,small,22.97,705.93,5.0,N
554,555,Toys,Cat,medium,28.84,1070.85,4.0,N
555,556,Medicine,Fish,medium,14.94,459.89,6.0,Y
556,557,Medicine,Dog,large,35.05,1422.39,7.0,Y
557,558,Toys,Cat,medium,28.89,1073.93,4.0,Y
558,559,Equipment,Cat,small,27.98,1031.86,5.0,Y
559,560,Toys,Dog,small,39.21,1421.19,5.0,N
560,561,Food,Dog,large,41.12,1469.55,5.0,Y
561,562,Food,Bird,medium,41.0,1205.59,4.0,Y
562,563,Food,Fish,small,26.06,740.27,5.0,Y
563,564,Toys,Fish,small,29.25,979.88,5.0,Y
564,565,Medicine,Cat,small,28.064999999999998,992.07,0.0,Y
565,566,Medicine,Cat,small,28.064999999999998,999.75,0.0,Y
566,567,Toys,Cat,small,34.33,1374.83,5.0,N
567,568,Food,Dog,medium,30.96,885.69,4.0,Y
568,569,Equipment,Cat,small,27.94,1030.84,5.0,Y
569,570,Food,Dog,medium,30.94,887.11,3.0,N
570,571,Food,Bird,medium,28.064999999999998,1202.85,0.0,Y
571,572,Toys,Cat,small,34.23,1359.67,7.0,Y
572,573,Medicine,Cat,medium,19.94,735.1,7.0,Y
573,574,Equipment,Dog,small,33.11,1107.81,2.0,N
574,575,Toys,Fish,small,28.74,963.92,5.0,N
575,576,Medicine,Cat,medium,20.09,741.2,5.0,N
576,577,Toys,Cat,medium,29.16,1084.45,5.0,Y
577,578,Toys,Cat,small,28.064999999999998,1353.09,0.0,Y
578,579,Equipment,Cat,small,27.79,1026.51,5.0,N
579,580,Toys,Dog,large,44.0,1790.98,9.0,N
580,581,Equipment,Cat,small,28.13,1035.27,7.0,Y
581,582,Accessory,Dog,large,32.97,1058.07,3.0,Y
582,583,Housing,Cat,medium,20.98,616.62,5.0,Y
583,584,Toys,Fish,medium,23.82,735.3,5.0,Y
584,585,Food,Dog,large,41.01,1453.78,6.0,N
585,586,Equipment,Cat,medium,23.33,808.45,4.0,Y
586,587,Housing,Bird,medium,35.96,965.12,1.0,Y
587,588,Food,Bird,large,50.99,1855.21,6.0,Y
588,589,Accessory,Bird,medium,33.0,861.52,4.0,N
589,590,Equipment,Fish,small,23.0,704.78,4.0,Y
590,591,Food,Dog,medium,31.16,885.52,3.0,Y
591,592,Equipment,Cat,small,28.064999999999998,1034.86,0.0,N
592,593,Equipment,Cat,small,27.94,1030.82,4.0,Y
593,594,unknown,Fish,medium,17.95,509.93,5.0,Y
594,595,Housing,Cat,medium,28.064999999999998,614.35,0.0,N
595,596,Food,Cat,medium,25.92,828.76,5.0,Y
596,597,Toys,Fish,small,28.91,975.67,5.0,N
597,598,Equipment,Cat,small,27.99,1032.53,5.0,Y
598,599,Equipment,Bird,small,42.86,1484.04,5.0,Y
599,600,Medicine,Cat,medium,19.99,735.73,3.0,Y
600,601,Equipment,Cat,medium,23.0,793.54,3.0,Y
601,602,unknown,Dog,small,28.064999999999998,1113.97,0.0,N
602,603,Equipment,Cat,small,27.91,1029.65,4.0,Y
603,604,Accessory,Bird,large,43.01,1417.0,5.0,N
604,605,Equipment,Cat,small,28.1,1040.27,6.0,Y
605,606,Food,Bird,large,28.064999999999998,1861.87,0.0,N
606,607,Equipment,Cat,small,27.98,1026.38,3.0,N
607,608,Housing,Cat,small,25.85,814.58,5.0,Y
608,609,Toys,Fish,small,28.79,964.58,6.0,N
609,610,Medicine,Dog,medium,25.2,850.43,7.0,N
610,611,Food,Dog,medium,30.92,885.53,6.0,Y
611,612,Food,Bird,medium,41.15,1207.5,6.0,Y
612,613,Medicine,Dog,small,30.08,1084.15,3.0,Y
613,614,Housing,Dog,small,31.23,893.06,1.0,Y
614,615,Toys,Cat,small,34.25,1354.26,8.0,Y
615,616,Toys,Cat,small,33.84,1351.85,6.0,N
616,617,Housing,Dog,medium,26.03,670.66,2.0,Y
617,618,Housing,Fish,large,25.9,778.16,3.0,Y
618,619,Medicine,Dog,medium,24.82,833.26,5.0,Y
619,620,Toys,Cat,small,28.064999999999998,1350.95,0.0,N
620,621,Toys,Fish,small,29.02,967.03,5.0,Y
621,622,Food,Bird,medium,40.96,1208.98,5.0,N
622,623,Food,Bird,large,50.92,1852.79,4.0,Y
623,624,Accessory,Dog,large,28.064999999999998,1065.28,0.0,N
624,625,Housing,Cat,medium,20.87,609.01,7.0,N
625,626,Medicine,Fish,small,20.0,662.86,5.0,Y
626,627,Toys,Fish,small,28.064999999999998,965.99,0.0,N
627,628,Toys,Cat,small,34.06,1365.83,9.0,Y
628,629,Housing,Fish,medium,15.99,372.62,4.0,N
629,630,Medicine,Fish,medium,15.14,467.23,5.0,Y
630,631,Housing,Fish,medium,15.95,366.79,4.0,Y
631,632,Equipment,Cat,small,28.15,1031.46,6.0,N
632,633,Food,Cat,large,36.05,1409.62,3.0,Y
633,634,unknown,Dog,medium,28.1,872.04,4.0,N
634,635,Medicine,Dog,medium,25.04,845.75,4.0,N
635,636,Medicine,Fish,medium,15.16,471.66,6.0,N
636,637,Housing,Cat,medium,20.84,610.48,2.0,Y
637,638,Housing,Dog,medium,25.97,670.87,4.0,Y
638,639,Toys,Dog,small,39.09,1424.13,3.0,Y
639,640,Food,Dog,medium,31.15,886.18,6.0,N
640,641,Housing,Dog,large,36.09,1188.68,4.0,N
641,642,Equipment,Cat,small,27.82,1023.28,9.0,Y
642,643,Toys,Cat,small,33.86,1336.18,8.0,N
643,644,Accessory,Cat,large,28.0,998.18,4.0,N
644,645,Food,Cat,small,30.74,1053.2,5.0,Y
645,646,Equipment,Cat,small,27.85,1031.22,4.0,Y
646,647,Equipment,Cat,medium,22.87,787.4,7.0,N
647,648,Equipment,Cat,small,28.1,1032.94,4.0,N
648,649,Food,Bird,large,51.04,1853.37,4.0,Y
649,650,Food,Cat,small,31.27,1082.95,6.0,N
650,651,Equipment,Cat,small,27.92,1034.36,6.0,Y
651,652,Medicine,Dog,small,28.064999999999998,1086.33,0.0,N
652,653,Toys,Bird,large,54.02,2254.99,8.0,N
653,654,Equipment,Fish,small,22.98,702.76,5.0,N
654,655,Food,Fish,small,26.16,734.68,4.0,N
655,656,Medicine,Cat,small,25.04,995.73,6.0,Y
656,657,Equipment,Cat,small,27.86,1027.15,3.0,Y
657,658,Housing,Dog,large,35.92,1182.28,6.0,Y
658,659,Food,Cat,medium,25.86,826.9,3.0,Y
659,660,Equipment,Cat,medium,23.09,792.03,4.0,Y
660,661,Toys,Cat,small,34.09,1355.96,8.0,N
661,662,Housing,Fish,medium,15.91,369.09,3.0,N
662,663,Equipment,Cat,small,28.02,1033.6,4.0,N
663,664,Food,Dog,small,36.07,1133.67,4.0,N
664,665,Medicine,Dog,small,28.064999999999998,1089.32,0.0,N
665,666,Food,Fish,small,26.09,732.64,3.0,N
666,667,Medicine,Cat,small,24.92,983.26,3.0,Y
667,668,Accessory,Fish,small,18.14,451.79,3.0,Y
668,669,Food,Dog,large,40.83,1456.02,4.0,Y
669,670,Housing,Dog,medium,26.06,675.27,4.0,Y
670,671,Accessory,Fish,medium,12.85,286.94,1.0,Y
671,672,Food,Cat,medium,26.11,836.46,7.0,N
672,673,Medicine,Fish,small,19.78,663.24,6.0,Y
673,674,Medicine,Cat,small,24.76,976.59,7.0,Y
674,675,Housing,Fish,large,25.94,784.18,4.0,Y
675,676,Toys,Dog,small,39.07,1413.09,5.0,N
676,677,Toys,Cat,medium,29.22,1083.7,8.0,N
677,678,Medicine,Cat,small,24.9,981.78,8.0,N
678,679,Medicine,Fish,medium,15.21,465.62,5.0,Y
679,680,Equipment,Cat,small,28.0,1037.85,6.0,N
680,681,Medicine,Cat,small,25.0,992.35,8.0,N
681,682,Medicine,Fish,medium,14.96,462.92,6.0,Y
682,683,Housing,Cat,small,25.82,818.94,5.0,Y
683,684,Toys,Cat,medium,28.93,1074.29,4.0,Y
684,685,Food,Dog,small,35.84,1116.7,5.0,N
685,686,Medicine,Fish,medium,14.96,459.81,4.0,Y
686,687,Equipment,Dog,medium,27.97,866.65,6.0,N
687,688,Accessory,Cat,large,28.29,1009.17,4.0,N
688,689,Food,Cat,small,30.84,1064.04,4.0,Y
689,690,Equipment,Cat,small,27.91,1029.62,6.0,Y
690,691,Housing,Cat,small,25.95,824.36,7.0,Y
691,692,Toys,Fish,small,28.064999999999998,974.33,0.0,Y
692,693,Accessory,Bird,large,43.13,1422.67,5.0,Y
693,694,Toys,Fish,small,28.064999999999998,968.02,0.0,Y
694,695,Toys,Fish,small,28.93,959.82,6.0,Y
695,696,Food,Dog,small,36.12,1127.48,5.0,N
696,697,Equipment,Fish,small,22.8,700.69,5.0,Y
697,698,Equipment,Fish,small,22.89,698.36,4.0,Y
698,699,Food,Cat,large,36.02,1413.13,7.0,Y
699,700,Housing,Dog,large,36.21,1196.63,8.0,Y
700,701,Medicine,Dog,large,34.93,1430.7,9.0,N
701,702,Equipment,Fish,small,23.02,701.28,3.0,N
702,703,Equipment,Cat,medium,22.84,785.16,4.0,N
703,704,unknown,Bird,small,28.064999999999998,1085.02,0.0,Y
704,705,Medicine,Cat,small,24.86,979.63,7.0,Y
705,706,Equipment,Cat,medium,23.03,795.76,7.0,N
706,707,Equipment,Dog,medium,27.98,869.46,5.0,Y
707,708,Accessory,Cat,medium,18.1,516.87,4.0,Y
708,709,Equipment,Dog,medium,28.064999999999998,872.4,0.0,N
709,710,Toys,Fish,small,29.11,973.54,3.0,N
710,711,Accessory,Dog,medium,22.96,575.3,3.0,Y
711,712,Equipment,Cat,medium,23.01,791.79,4.0,N
712,713,Accessory,Fish,large,22.99,677.59,4.0,Y
713,714,Equipment,Fish,small,28.064999999999998,705.17,0.0,Y
714,715,Medicine,Cat,small,24.95,981.83,7.0,N
715,716,Medicine,Cat,medium,20.06,741.31,7.0,N
716,717,Equipment,Cat,small,27.88,1034.76,5.0,Y
717,718,Accessory,Cat,medium,17.99,514.68,4.0,Y
718,719,Housing,Cat,small,25.96,828.28,4.0,N
719,720,Toys,Fish,small,28.89,962.99,4.0,Y
720,721,Housing,Cat,medium,20.83,612.54,4.0,Y
721,722,Housing,Cat,medium,21.14,618.85,7.0,Y
722,723,Medicine,Cat,large,29.86,1315.87,7.0,N
723,724,Medicine,Fish,small,28.064999999999998,655.11,0.0,Y
724,725,Equipment,Fish,medium,18.22,512.56,2.0,Y
725,726,Housing,Cat,small,25.96,822.82,4.0,N
726,727,Toys,Fish,medium,23.92,741.3,4.0,Y
727,728,Toys,Dog,large,43.92,1793.71,6.0,Y
728,729,Food,Bird,small,45.98,1450.78,5.0,N
729,730,Medicine,Fish,large,28.064999999999998,942.52,0.0,Y
730,731,Medicine,Dog,large,34.95,1414.51,7.0,N
731,732,Equipment,Cat,small,28.03,1027.94,5.0,N
732,733,Equipment,Dog,medium,27.87,862.21,3.0,Y
733,734,Housing,Cat,small,25.72,811.65,3.0,Y
734,735,unknown,Cat,small,25.03,989.97,6.0,N
735,736,Medicine,Fish,small,20.13,668.35,5.0,N
736,737,Food,Fish,medium,21.01,546.78,4.0,N
737,738,Equipment,Fish,large,28.064999999999998,988.54,0.0,Y
738,739,Medicine,Dog,large,35.09,1423.65,9.0,N
739,740,Equipment,Fish,medium,17.95,508.24,5.0,Y
740,741,Toys,Dog,small,39.24,1415.71,4.0,N
741,742,Housing,Fish,medium,16.1,375.48,4.0,N
742,743,Housing,Dog,medium,26.19,678.2,5.0,N
743,744,Food,Dog,large,28.064999999999998,1454.29,0.0,Y
744,745,Food,Fish,large,31.0,1020.52,6.0,Y
745,746,Housing,Fish,large,26.07,788.32,4.0,Y
746,747,Toys,Cat,small,34.05,1351.58,4.0,Y
747,748,Equipment,Dog,small,28.064999999999998,1111.1,0.0,Y
748,749,Medicine,Cat,small,28.064999999999998,994.09,0.0,Y
749,750,Housing,Bird,medium,35.95,958.44,2.0,N
750,751,Medicine,Fish,small,19.98,670.39,4.0,Y
751,752,Food,Dog,large,41.07,1466.78,6.0,Y
752,753,Toys,Fish,medium,24.06,747.21,7.0,Y
753,754,Housing,Fish,large,25.83,776.93,3.0,Y
754,755,Housing,Fish,medium,16.02,369.05,2.0,Y
755,756,Food,Dog,small,36.16,1121.32,4.0,N
756,757,Toys,Fish,small,28.98,965.14,7.0,N
757,758,Toys,Fish,small,28.86,966.92,4.0,Y
758,759,Equipment,Fish,large,27.9,982.61,4.0,Y
759,760,Equipment,Dog,small,32.85,1107.57,5.0,Y
760,761,Accessory,Fish,large,23.09,676.76,4.0,Y
761,762,Medicine,Dog,large,34.94,1416.24,9.0,N
762,763,Toys,Cat,medium,29.0,1076.74,7.0,N
763,764,Food,Dog,medium,30.87,880.81,3.0,N
764,765,Toys,Fish,small,29.26,981.65,6.0,N
765,766,Equipment,Fish,small,28.064999999999998,702.4,0.0,N
766,767,Equipment,Cat,small,27.78,1020.3,7.0,Y
767,768,Equipment,Cat,small,27.71,1019.84,6.0,Y
768,769,Toys,Cat,large,39.01,1716.93,8.0,N
769,770,Toys,Cat,small,33.84,1337.08,7.0,Y
770,771,Food,Bird,small,45.99,1468.07,3.0,Y
771,772,Medicine,Fish,small,19.94,664.58,5.0,Y
772,773,Housing,Bird,medium,35.95,956.18,5.0,N
773,774,Toys,Fish,medium,24.02,741.25,5.0,Y
774,775,Equipment,Fish,small,23.18,705.78,4.0,N
775,776,Equipment,Fish,small,22.7,692.32,5.0,Y
776,777,Accessory,Bird,large,43.16,1430.35,6.0,N
777,778,Food,Fish,large,30.94,1016.25,3.0,Y
778,779,Food,Bird,medium,41.1,1205.54,5.0,N
779,780,Medicine,Fish,small,19.94,662.95,7.0,Y
780,781,Toys,Fish,small,29.01,973.67,7.0,Y
781,782,Accessory,Fish,medium,13.13,291.19,1.0,Y
782,783,Accessory,Dog,medium,23.02,576.16,4.0,Y
783,784,Food,Dog,large,41.02,1464.26,6.0,N
784,785,Medicine,Cat,medium,20.13,752.27,6.0,Y
785,786,Accessory,Dog,large,33.11,1062.8,7.0,N
786,787,Food,Cat,small,30.96,1071.46,6.0,Y
787,788,Toys,Cat,small,34.29,1349.46,4.0,N
788,789,Equipment,Cat,small,28.02,1026.59,5.0,Y
789,790,Food,Bird,small,46.22,1469.39,5.0,N
790,791,Medicine,Cat,medium,28.064999999999998,740.1,0.0,Y
791,792,Equipment,Cat,small,27.78,1030.51,5.0,Y
792,793,Housing,Fish,medium,16.12,374.64,3.0,Y
793,794,Equipment,Cat,small,27.76,1020.3,6.0,Y
794,795,Housing,Dog,small,31.06,880.33,3.0,N
795,796,Housing,Fish,large,25.87,778.46,4.0,Y
796,797,Food,Cat,medium,25.98,829.32,7.0,Y
797,798,Toys,Cat,small,34.08,1348.14,7.0,N
798,799,Equipment,Cat,small,27.86,1026.84,5.0,Y
799,800,Toys,Cat,small,34.02,1355.03,6.0,Y
800,801,Toys,Fish,medium,28.064999999999998,742.48,0.0,N
801,802,Housing,Fish,medium,16.02,368.24,4.0,Y
802,803,Housing,Fish,large,25.82,776.97,5.0,N
803,804,Food,Dog,medium,30.9,885.44,3.0,N
804,805,Toys,Cat,small,34.1,1342.9,6.0,N
805,806,Food,Cat,small,30.8,1058.71,4.0,Y
806,807,Equipment,Cat,small,27.69,1026.36,5.0,Y
807,808,Medicine,Cat,medium,28.064999999999998,743.09,0.0,Y
808,809,Toys,Fish,medium,23.89,747.3,3.0,Y
809,810,Equipment,Dog,small,33.04,1109.25,4.0,N
810,811,Housing,Bird,small,40.92,1198.74,5.0,Y
811,812,Food,Bird,medium,40.89,1205.12,3.0,Y
812,813,Housing,Fish,small,20.92,530.85,4.0,Y
813,814,Housing,Bird,medium,35.99,965.29,4.0,Y
814,815,Medicine,Dog,medium,24.88,844.07,4.0,Y
815,816,Medicine,Fish,large,25.46,960.09,5.0,Y
816,817,Toys,Cat,small,33.95,1356.63,6.0,N
817,818,Food,Bird,small,45.98,1470.95,4.0,N
818,819,Equipment,Cat,small,28.14,1040.25,7.0,N
819,820,Medicine,Fish,small,20.09,668.82,6.0,Y
820,821,Medicine,Dog,small,29.95,1086.46,6.0,Y
821,822,Equipment,Cat,small,28.11,1040.08,7.0,Y
822,823,Accessory,Cat,small,23.13,717.93,6.0,N
823,824,Medicine,Cat,small,24.94,980.93,4.0,N
824,825,Housing,Dog,small,30.98,876.43,6.0,Y
825,826,Equipment,Cat,medium,22.98,790.28,5.0,Y
826,827,Housing,Bird,small,40.93,1195.06,4.0,Y
827,828,Equipment,Cat,small,28.36,1041.38,7.0,N
828,829,Medicine,Cat,medium,20.02,745.34,7.0,N
829,830,Equipment,Cat,small,28.02,1034.11,7.0,Y
830,831,Medicine,Cat,small,24.91,984.06,6.0,N
831,832,Medicine,Dog,medium,24.85,831.99,3.0,Y
832,833,Toys,Cat,small,33.88,1349.47,3.0,Y
833,834,Housing,Fish,small,21.22,544.35,5.0,Y
834,835,Housing,Fish,large,25.93,781.99,4.0,N
835,836,Food,Dog,medium,31.0,886.74,3.0,Y
836,837,Accessory,Bird,large,42.99,1415.63,6.0,N
837,838,Toys,Cat,small,34.12,1354.43,7.0,Y
838,839,Housing,Fish,medium,16.16,375.45,4.0,Y
839,840,Equipment,Cat,small,28.02,1038.37,5.0,N
840,841,Food,Dog,medium,30.97,893.82,4.0,Y
841,842,Equipment,Cat,small,28.3,1047.36,4.0,N
842,843,unknown,Cat,small,28.14,1040.57,7.0,Y
843,844,Equipment,Cat,small,28.18,1035.68,6.0,Y
844,845,Housing,Dog,medium,25.88,675.98,6.0,Y
845,846,Medicine,Fish,small,20.07,666.34,3.0,N
846,847,Medicine,Fish,medium,14.89,459.46,4.0,Y
847,848,Food,Cat,small,30.85,1061.36,4.0,Y
848,849,Accessory,Fish,large,22.88,671.44,2.0,Y
849,850,Food,Dog,large,40.97,1452.61,6.0,N
850,851,Accessory,Bird,medium,33.08,857.2,5.0,Y
851,852,Medicine,Dog,medium,25.1,842.65,6.0,Y
852,853,Food,Bird,medium,41.0,1205.26,5.0,Y
853,854,Medicine,Cat,medium,19.93,738.82,8.0,Y
854,855,Equipment,Cat,small,27.9,1038.63,5.0,N
855,856,Housing,Cat,small,25.86,826.49,1.0,Y
856,857,Medicine,Fish,small,19.83,660.5,4.0,Y
857,858,Accessory,Bird,large,42.92,1410.58,5.0,N
858,859,Equipment,Cat,small,27.84,1031.58,4.0,N
859,860,Accessory,Dog,large,33.13,1063.88,4.0,Y
860,861,Food,Dog,medium,31.14,890.38,3.0,N
861,862,Equipment,Cat,small,27.97,1036.56,3.0,N
862,863,Toys,Cat,large,38.99,1724.15,7.0,Y
863,864,Housing,Cat,medium,21.21,619.91,4.0,Y
864,865,Equipment,Dog,large,37.87,1441.13,8.0,N
865,866,Housing,Cat,small,26.0,825.1,6.0,Y
866,867,Toys,Cat,small,33.86,1335.86,6.0,N
867,868,Equipment,Cat,small,28.13,1037.69,3.0,Y
868,869,Equipment,Cat,small,27.74,1022.85,7.0,N
869,870,Equipment,Cat,small,28.12,1028.41,5.0,Y
870,871,Toys,Fish,small,28.99,979.7,3.0,Y
871,872,Housing,Dog,small,30.96,867.54,6.0,N
872,873,Accessory,Fish,large,23.12,675.29,6.0,Y
873,874,Housing,Fish,medium,16.03,371.78,5.0,N
874,875,Housing,Cat,medium,20.99,614.98,3.0,Y
875,876,Equipment,Fish,medium,18.13,511.4,5.0,Y
876,877,Equipment,Cat,small,28.04,1038.43,4.0,Y
877,878,Toys,Dog,small,39.07,1420.2,6.0,N
878,879,Food,Fish,medium,20.95,538.59,2.0,N
879,880,Toys,Cat,small,33.97,1354.37,7.0,Y
880,881,Equipment,Fish,small,22.98,702.46,6.0,Y
881,882,Housing,Fish,small,21.21,539.3,2.0,N
882,883,Equipment,Cat,medium,22.87,790.8,6.0,Y
883,884,Equipment,Cat,small,27.94,1034.08,5.0,N
884,885,Toys,Cat,small,34.07,1342.9,6.0,N
885,886,Equipment,Dog,small,28.064999999999998,1104.13,0.0,Y
886,887,Medicine,Bird,medium,28.064999999999998,1200.71,0.0,Y
887,888,Equipment,Cat,small,28.22,1041.84,6.0,N
888,889,Medicine,Dog,small,30.12,1086.5,3.0,Y
889,890,Equipment,Cat,small,28.064999999999998,1028.48,0.0,Y
890,891,Equipment,Cat,small,27.9,1032.07,5.0,Y
891,892,Toys,Fish,large,34.15,1295.24,7.0,N
892,893,Equipment,Cat,small,28.1,1031.91,4.0,N
893,894,Medicine,Fish,large,25.09,946.65,4.0,Y
894,895,Equipment,Fish,small,28.064999999999998,705.52,0.0,Y
895,896,Toys,Cat,small,33.97,1332.09,7.0,Y
896,897,Housing,Fish,medium,16.12,374.75,5.0,Y
897,898,Toys,Dog,medium,34.07,1157.99,5.0,N
898,899,Equipment,Cat,small,28.08,1034.93,6.0,N
899,900,Toys,Fish,large,34.1,1300.55,9.0,N
900,901,Food,Fish,small,25.78,722.29,4.0,N
901,902,Equipment,Cat,small,28.03,1029.89,6.0,N
902,903,Housing,Dog,small,30.78,873.15,7.0,Y
903,904,Medicine,Fish,small,20.02,666.64,3.0,Y
904,905,Equipment,Cat,small,28.06,1037.46,4.0,Y
905,906,Housing,Dog,medium,26.15,677.08,3.0,Y
906,907,Food,Cat,small,31.08,1068.61,5.0,N
907,908,Equipment,Cat,small,28.2,1043.24,6.0,N
908,909,Housing,Dog,medium,26.01,673.01,4.0,Y
909,910,Equipment,Cat,medium,22.99,790.78,6.0,Y
910,911,Medicine,Fish,small,28.064999999999998,662.31,0.0,N
911,912,Accessory,Bird,large,42.93,1412.1,4.0,Y
912,913,Food,Dog,medium,31.11,893.03,6.0,Y
913,914,unknown,Dog,medium,34.07,1148.89,5.0,Y
914,915,Toys,Cat,small,33.95,1348.27,7.0,N
915,916,Equipment,Bird,small,43.1,1481.11,7.0,N
916,917,Medicine,Fish,small,20.04,667.84,6.0,N
917,918,Medicine,Fish,medium,14.96,460.07,6.0,N
918,919,Equipment,Fish,small,23.06,704.66,3.0,Y
919,920,Equipment,Fish,small,23.09,706.5,4.0,Y
920,921,Toys,Cat,small,34.08,1355.69,7.0,Y
921,922,Accessory,Fish,small,17.95,441.1,3.0,Y
922,923,Equipment,Cat,small,27.99,1028.67,6.0,N
923,924,Accessory,Fish,large,28.064999999999998,669.43,0.0,N
924,925,Housing,Cat,small,28.064999999999998,827.23,0.0,Y
925,926,Food,Dog,medium,31.15,899.82,4.0,N
926,927,Toys,Cat,small,34.21,1352.84,7.0,Y
927,928,Toys,Dog,small,39.16,1415.51,5.0,Y
928,929,Housing,Dog,large,36.09,1186.89,8.0,Y
929,930,Medicine,Dog,medium,24.83,833.95,4.0,N
930,931,Toys,Cat,small,34.18,1363.79,5.0,Y
931,932,Toys,Cat,small,34.02,1348.83,9.0,N
932,933,Food,Bird,medium,41.32,1206.38,4.0,N
933,934,Toys,Cat,small,33.97,1336.5,6.0,N
934,935,Housing,Fish,medium,16.08,373.2,6.0,Y
935,936,Toys,Bird,medium,43.97,1522.17,7.0,N
936,937,Food,Fish,small,25.83,726.3,5.0,N
937,938,Equipment,Cat,small,27.81,1024.69,4.0,N
938,939,Toys,Cat,small,28.064999999999998,1361.73,0.0,N
939,940,Food,Fish,medium,21.02,544.48,4.0,Y
940,941,Medicine,Bird,small,28.064999999999998,1488.93,0.0,N
941,942,Equipment,Cat,small,28.09,1037.72,6.0,Y
942,943,Housing,Fish,small,21.21,542.84,3.0,Y
943,944,Food,Dog,small,35.85,1116.82,5.0,Y
944,945,Toys,Fish,medium,23.9,741.42,3.0,Y
945,946,Toys,Dog,large,43.85,1788.28,8.0,Y
946,947,Toys,Cat,small,33.92,1341.72,7.0,N
947,948,Toys,Dog,small,38.79,1404.28,6.0,N
948,949,Housing,Dog,medium,25.91,672.46,5.0,N
949,950,Housing,Fish,large,26.08,784.59,6.0,Y
950,951,Medicine,Dog,medium,25.05,843.34,6.0,N
951,952,Equipment,Cat,small,27.81,1028.3,5.0,Y
952,953,Toys,Cat,small,34.04,1346.22,6.0,Y
953,954,Accessory,Dog,large,33.15,1066.57,6.0,N
954,955,Medicine,Fish,small,20.26,674.35,6.0,N
955,956,Food,Dog,medium,30.82,878.78,3.0,Y
956,957,Equipment,Cat,small,28.06,1035.76,7.0,Y
957,958,Housing,Cat,small,26.02,816.48,6.0,N
958,959,unknown,Bird,small,40.89,1192.94,5.0,Y
959,960,Medicine,Dog,small,30.02,1081.32,3.0,Y
960,961,Housing,Cat,large,30.85,1118.18,4.0,N
961,962,Food,Dog,medium,31.01,894.05,6.0,Y
962,963,unknown,Cat,small,25.06,992.35,7.0,Y
963,964,Housing,Fish,medium,16.19,376.62,1.0,N
964,965,Accessory,Dog,large,33.0,1058.53,6.0,N
965,966,Toys,Dog,small,39.07,1415.91,6.0,N
966,967,Equipment,Cat,small,28.06,1036.52,5.0,Y
967,968,Equipment,Cat,small,27.95,1027.25,8.0,Y
968,969,Food,Fish,small,25.96,733.84,6.0,N
969,970,Food,Bird,large,51.05,1854.64,5.0,Y
970,971,Medicine,Fish,small,20.0,664.85,5.0,N
971,972,Equipment,Fish,small,22.98,707.54,3.0,Y
972,973,Accessory,Dog,large,32.99,1059.35,4.0,Y
973,974,Toys,Dog,medium,34.06,1150.23,4.0,Y
974,975,Equipment,Cat,small,28.25,1040.92,5.0,N
975,976,Accessory,Bird,large,43.01,1418.55,8.0,Y
976,977,Equipment,Cat,small,28.25,1041.42,8.0,Y
977,978,Equipment,Cat,medium,28.064999999999998,787.29,0.0,N
978,979,Housing,Bird,medium,36.08,959.73,6.0,Y
979,980,Equipment,Cat,small,27.93,1033.08,6.0,N
980,981,Equipment,Cat,small,27.74,1019.89,3.0,Y
981,982,Equipment,Cat,medium,22.91,787.99,5.0,Y
982,983,Food,Bird,large,28.064999999999998,1848.03,0.0,Y
983,984,Housing,Cat,medium,21.1,616.53,5.0,Y
984,985,Food,Dog,small,35.88,1117.99,4.0,N
985,986,Medicine,Bird,medium,35.07,1202.57,5.0,N
986,987,Food,Dog,large,41.03,1460.01,2.0,Y
987,988,Toys,Cat,small,34.06,1348.07,8.0,Y
988,989,Toys,Dog,small,38.77,1401.22,6.0,N
989,990,Food,Dog,small,28.064999999999998,1115.77,0.0,N
990,991,Medicine,Bird,small,28.064999999999998,1464.28,0.0,Y
991,992,Toys,Fish,small,28.82,962.25,8.0,N
992,993,Toys,Cat,medium,28.95,1082.61,7.0,N
993,994,Equipment,Dog,medium,28.24,876.91,4.0,N
994,995,Equipment,Dog,small,32.98,1108.36,7.0,Y
995,996,Toys,Fish,medium,24.24,752.56,7.0,Y
996,997,Food,Dog,large,40.81,1452.83,7.0,Y
997,998,Housing,Fish,medium,16.07,373.55,4.0,N
998,999,Accessory,Bird,medium,33.0,857.71,3.0,N
999,1000,Equipment,Cat,small,28.064999999999998,1036.76,0.0,Y
1000,1001,Food,Fish,medium,20.87,540.31,4.0,Y
1001,1002,Equipment,Cat,small,27.99,1037.54,7.0,Y
1002,1003,Equipment,Cat,small,28.0,1027.35,4.0,Y
1003,1004,Food,Dog,medium,31.12,889.96,4.0,N
1004,1005,Food,Cat,medium,28.064999999999998,832.65,0.0,N
1005,1006,Food,Dog,small,36.09,1129.37,7.0,N
1006,1007,Equipment,Fish,small,22.93,710.63,4.0,Y
1007,1008,Toys,Cat,small,28.064999999999998,1349.36,0.0,Y
1008,1009,Housing,Dog,medium,25.98,670.61,4.0,Y
1009,1010,Toys,Cat,small,34.07,1347.5,6.0,Y
1010,1011,Medicine,Cat,medium,20.02,740.69,6.0,Y
1011,1012,Toys,Dog,medium,34.03,1150.04,5.0,N
1012,1013,Toys,Cat,medium,28.94,1080.7,6.0,Y
1013,1014,Housing,Dog,large,36.03,1190.53,5.0,N
1014,1015,Housing,Fish,small,20.91,530.62,5.0,N
1015,1016,Equipment,Cat,small,28.07,1034.77,7.0,Y
1016,1017,Equipment,Fish,medium,17.99,508.73,4.0,N
1017,1018,Equipment,Cat,small,28.064999999999998,1034.21,0.0,N
1018,1019,Equipment,Cat,small,28.17,1034.85,5.0,Y
1019,1020,Medicine,Cat,small,25.26,1002.5,7.0,Y
1020,1021,Housing,Cat,small,26.33,834.38,3.0,Y
1021,1022,Medicine,Fish,small,20.15,666.43,4.0,Y
1022,1023,Housing,Fish,small,20.82,528.85,4.0,Y
1023,1024,Medicine,Fish,large,24.85,936.86,6.0,Y
1024,1025,Equipment,Cat,small,28.03,1034.58,7.0,Y
1025,1026,Food,Dog,medium,30.98,886.47,4.0,Y
1026,1027,Food,Bird,small,46.04,1475.75,5.0,N
1027,1028,Food,Dog,small,36.16,1121.08,7.0,N
1028,1029,Equipment,Cat,small,28.0,1031.79,3.0,N
1029,1030,Equipment,Cat,medium,23.11,796.9,6.0,Y
1030,1031,Equipment,Fish,medium,18.13,513.32,4.0,Y
1031,1032,Food,Dog,large,41.12,1464.05,6.0,N
1032,1033,Food,Bird,small,46.11,1478.87,6.0,N
1033,1034,Toys,Fish,small,29.24,971.18,4.0,Y
1034,1035,Medicine,Fish,small,19.87,654.6,4.0,Y
1035,1036,Accessory,Cat,large,28.01,996.05,5.0,N
1036,1037,Food,Fish,small,26.12,740.36,4.0,Y
1037,1038,Toys,Dog,medium,34.12,1156.11,6.0,Y
1038,1039,Equipment,Cat,small,28.29,1040.95,4.0,Y
1039,1040,Equipment,Cat,small,28.12,1039.04,4.0,N
1040,1041,Medicine,Fish,medium,15.09,463.31,3.0,Y
1041,1042,Medicine,Fish,small,19.94,667.22,5.0,Y
1042,1043,Food,Cat,medium,26.01,837.5,2.0,Y
1043,1044,Medicine,Dog,medium,25.07,840.14,6.0,N
1044,1045,Toys,Cat,small,34.08,1351.43,8.0,N
1045,1046,Accessory,Dog,medium,22.81,573.78,3.0,Y
1046,1047,Toys,Dog,small,39.38,1440.68,8.0,Y
1047,1048,Accessory,Dog,medium,22.96,578.3,3.0,Y
1048,1049,Equipment,Cat,small,28.02,1035.84,6.0,Y
1049,1050,Equipment,Cat,large,32.98,1366.49,7.0,N
1050,1051,Equipment,Cat,small,28.064999999999998,1038.63,0.0,Y
1051,1052,Food,Fish,small,26.16,738.33,6.0,Y
1052,1053,Accessory,Bird,large,42.92,1418.79,6.0,N
1053,1054,Housing,Fish,medium,15.98,375.68,2.0,N
1054,1055,Food,Cat,medium,26.15,837.87,5.0,Y
1055,1056,Equipment,Dog,small,28.064999999999998,1106.54,0.0,N
1056,1057,Equipment,Fish,small,23.0,714.06,2.0,N
1057,1058,Medicine,Dog,medium,24.94,837.64,5.0,N
1058,1059,Equipment,Cat,small,28.12,1035.0,6.0,Y
1059,1060,Medicine,Fish,small,20.0,664.07,7.0,Y
1060,1061,Food,Dog,large,41.0,1463.58,7.0,Y
1061,1062,Food,Cat,small,28.064999999999998,1060.2,0.0,N
1062,1063,Housing,Cat,medium,21.19,621.37,5.0,Y
1063,1064,Accessory,Bird,large,43.2,1433.16,4.0,N
1064,1065,Housing,Dog,medium,25.97,669.42,5.0,Y
1065,1066,Equipment,Cat,small,28.09,1036.27,4.0,Y
1066,1067,Equipment,Cat,small,27.97,1038.51,4.0,Y
1067,1068,Food,Fish,small,26.02,729.12,6.0,Y
1068,1069,Food,Bird,medium,40.99,1200.77,3.0,N
1069,1070,Accessory,Dog,medium,23.08,579.68,2.0,Y
1070,1071,Equipment,Cat,small,28.18,1034.92,3.0,Y
1071,1072,Equipment,Cat,medium,22.98,793.94,4.0,N
1072,1073,Equipment,Fish,small,22.97,714.34,5.0,Y
1073,1074,Toys,Cat,small,33.85,1346.37,6.0,Y
1074,1075,Toys,Cat,medium,28.96,1073.72,7.0,Y
1075,1076,Toys,Fish,small,28.88,969.86,5.0,Y
1076,1077,Accessory,Bird,large,43.05,1419.46,5.0,Y
1077,1078,Equipment,Dog,small,28.064999999999998,1103.5,0.0,Y
1078,1079,Accessory,Bird,large,42.86,1412.95,3.0,Y
1079,1080,Food,Dog,medium,30.95,879.04,3.0,Y
1080,1081,Toys,Cat,small,33.86,1350.19,8.0,Y
1081,1082,Food,Dog,large,40.99,1460.03,5.0,N
1082,1083,Accessory,Dog,small,28.18,786.07,5.0,N
1083,1084,Housing,Dog,large,36.12,1184.59,6.0,Y
1084,1085,Housing,Cat,small,26.14,830.15,4.0,Y
1085,1086,Food,Cat,medium,26.09,836.41,3.0,N
1086,1087,Medicine,Fish,small,19.87,673.29,6.0,Y
1087,1088,Food,Fish,large,31.03,1018.51,3.0,Y
1088,1089,Housing,Dog,medium,26.1,671.98,5.0,Y
1089,1090,Equipment,Dog,small,32.84,1107.49,3.0,N
1090,1091,Toys,Cat,large,38.99,1723.84,6.0,N
1091,1092,Medicine,Bird,medium,34.96,1199.48,5.0,N
1092,1093,Housing,Dog,medium,25.93,669.59,3.0,Y
1093,1094,Equipment,Cat,small,28.07,1031.11,8.0,Y
1094,1095,Toys,Cat,small,33.94,1351.92,6.0,Y
1095,1096,Food,Dog,medium,31.03,886.23,6.0,N
1096,1097,Equipment,Dog,small,33.2,1107.27,6.0,Y
1097,1098,unknown,Bird,large,50.93,1863.64,5.0,Y
1098,1099,Equipment,Fish,small,23.1,708.04,4.0,N
1099,1100,unknown,Cat,medium,19.89,737.02,6.0,Y
1100,1101,Food,Cat,medium,26.03,837.42,3.0,Y
1101,1102,Food,Cat,small,30.82,1061.82,7.0,N
1102,1103,unknown,Dog,small,35.78,1105.22,3.0,Y
1103,1104,Toys,Fish,small,28.74,956.72,6.0,Y
1104,1105,Toys,Bird,large,54.07,2244.67,6.0,Y
1105,1106,Medicine,Fish,medium,15.06,464.91,5.0,N
1106,1107,Toys,Cat,small,33.99,1350.47,6.0,Y
1107,1108,Medicine,Dog,medium,25.06,839.05,3.0,N
1108,1109,Accessory,Bird,medium,33.01,857.7,5.0,N
1109,1110,Food,Dog,large,40.85,1456.65,4.0,N
1110,1111,Equipment,Cat,medium,22.83,787.38,5.0,Y
1111,1112,Food,Fish,medium,21.15,546.52,5.0,Y
1112,1113,Accessory,Bird,large,42.82,1415.63,5.0,N
1113,1114,Food,Cat,large,36.08,1405.07,4.0,Y
1114,1115,Equipment,Cat,small,27.97,1028.23,6.0,Y
1115,1116,Toys,Cat,medium,29.04,1075.67,7.0,N
1116,1117,Housing,Fish,medium,16.0,372.34,3.0,Y
1117,1118,Medicine,Bird,small,39.97,1482.25,6.0,N
1118,1119,Medicine,Fish,medium,15.05,466.99,4.0,Y
1119,1120,Toys,Fish,small,28.85,961.2,5.0,N
1120,1121,Housing,Fish,small,21.03,540.91,4.0,Y
1121,1122,Medicine,Dog,small,30.18,1092.28,3.0,Y
1122,1123,Housing,Dog,medium,25.97,674.51,1.0,N
1123,1124,Food,Cat,medium,28.064999999999998,836.8,0.0,Y
1124,1125,Equipment,Cat,small,27.9,1022.98,8.0,N
1125,1126,Equipment,Cat,small,27.95,1036.83,6.0,N
1126,1127,Accessory,Dog,medium,23.23,580.21,2.0,Y
1127,1128,Medicine,Cat,small,24.82,975.39,6.0,N
1128,1129,Housing,Fish,medium,16.31,377.85,6.0,N
1129,1130,Food,Dog,small,36.01,1116.83,6.0,N
1130,1131,Toys,Bird,medium,43.95,1528.36,6.0,Y
1131,1132,Housing,Cat,large,30.92,1121.0,6.0,Y
1132,1133,Housing,Bird,large,46.03,1554.87,5.0,Y
1133,1134,Medicine,Bird,small,40.12,1496.24,8.0,Y
1134,1135,Food,Dog,large,41.03,1458.21,6.0,Y
1135,1136,Housing,Cat,medium,21.09,616.03,4.0,Y
1136,1137,Toys,Cat,small,33.87,1349.94,6.0,N
1137,1138,Accessory,Dog,large,32.96,1060.28,7.0,Y
1138,1139,Medicine,Fish,medium,14.91,461.45,6.0,Y
1139,1140,Toys,Fish,medium,23.95,742.13,5.0,N
1140,1141,Equipment,Cat,medium,22.99,795.09,6.0,Y
1141,1142,Medicine,Dog,large,34.89,1422.11,8.0,Y
1142,1143,Food,Dog,large,40.94,1457.65,5.0,Y
1143,1144,Medicine,Dog,small,30.12,1090.12,5.0,Y
1144,1145,Toys,Cat,medium,29.13,1085.6,8.0,Y
1145,1146,Housing,Dog,medium,28.064999999999998,676.23,0.0,Y
1146,1147,Toys,Dog,medium,33.89,1143.17,5.0,Y
1147,1148,Equipment,Cat,small,28.064999999999998,1041.75,0.0,N
1148,1149,Medicine,Fish,large,28.064999999999998,947.72,0.0,N
1149,1150,Housing,Cat,small,26.12,826.71,3.0,Y
1150,1151,Equipment,Dog,small,33.19,1120.87,6.0,Y
1151,1152,Food,Dog,medium,30.98,887.17,5.0,Y
1152,1153,Medicine,Dog,small,29.93,1074.88,5.0,Y
1153,1154,unknown,Dog,large,36.01,1182.3,5.0,N
1154,1155,Housing,Fish,small,20.99,536.74,2.0,Y
1155,1156,Medicine,Bird,large,44.99,1866.6,7.0,Y
1156,1157,Toys,Dog,small,39.08,1416.85,4.0,N
1157,1158,Medicine,Cat,medium,19.93,740.57,5.0,N
1158,1159,Medicine,Cat,small,24.94,985.36,6.0,N
1159,1160,Equipment,Cat,small,28.0,1025.28,6.0,Y
1160,1161,Equipment,Fish,small,23.09,711.6,3.0,N
1161,1162,Toys,Cat,small,34.01,1343.25,8.0,Y
1162,1163,Medicine,Dog,small,30.14,1090.27,5.0,Y
1163,1164,Toys,Dog,medium,34.08,1158.7,5.0,Y
1164,1165,Housing,Cat,medium,20.87,611.8,3.0,N
1165,1166,Food,Dog,large,28.064999999999998,1456.41,0.0,Y
1166,1167,Housing,Dog,small,30.98,873.35,4.0,Y
1167,1168,Housing,Fish,small,20.91,534.41,4.0,N
1168,1169,Accessory,Bird,large,42.97,1407.69,6.0,Y
1169,1170,Medicine,Bird,medium,35.13,1213.65,6.0,N
1170,1171,Housing,Dog,medium,25.84,668.4,5.0,N
1171,1172,Toys,Fish,small,29.28,976.79,6.0,Y
1172,1173,Accessory,Bird,medium,33.03,856.73,4.0,Y
1173,1174,Accessory,Dog,large,28.064999999999998,1058.86,0.0,N
1174,1175,Toys,Bird,medium,28.064999999999998,1521.54,0.0,Y
1175,1176,Housing,Fish,medium,15.86,367.4,4.0,Y
1176,1177,Medicine,Dog,small,29.89,1073.33,3.0,Y
1177,1178,Equipment,Fish,small,22.94,701.56,6.0,N
1178,1179,Toys,Cat,small,33.92,1344.28,6.0,N
1179,1180,Toys,Dog,medium,33.9,1146.77,4.0,Y
1180,1181,Food,Fish,medium,20.97,540.48,3.0,Y
1181,1182,Accessory,Dog,medium,22.98,578.68,4.0,Y
1182,1183,Medicine,Cat,small,25.13,983.53,6.0,Y
1183,1184,Equipment,Fish,small,22.86,701.33,4.0,Y
1184,1185,Food,Fish,small,26.23,740.95,2.0,Y
1185,1186,Accessory,Bird,medium,28.064999999999998,852.94,0.0,Y
1186,1187,Medicine,Cat,medium,19.98,739.23,8.0,Y
1187,1188,Medicine,Cat,small,24.84,985.8,8.0,Y
1188,1189,Food,Dog,medium,31.13,887.6,3.0,N
1189,1190,Equipment,Fish,small,23.32,721.28,4.0,Y
1190,1191,Accessory,Dog,medium,22.67,574.02,4.0,N
1191,1192,Medicine,Dog,small,28.064999999999998,1069.56,0.0,N
1192,1193,Equipment,Cat,small,28.0,1028.88,5.0,Y
1193,1194,Toys,Fish,small,29.09,981.79,3.0,N
1194,1195,Housing,Bird,small,40.88,1209.03,2.0,Y
1195,1196,Medicine,Cat,small,25.16,991.31,7.0,N
1196,1197,Toys,Cat,small,28.064999999999998,1342.8,0.0,N
1197,1198,Medicine,Dog,medium,25.24,848.15,6.0,Y
1198,1199,Food,Bird,large,50.98,1864.23,6.0,N
1199,1200,Equipment,Fish,small,22.92,701.69,6.0,Y
1200,1201,Toys,Cat,medium,29.14,1089.14,5.0,N
1201,1202,Medicine,Cat,medium,19.93,735.75,6.0,Y
1202,1203,Toys,Fish,medium,28.064999999999998,739.2,0.0,N
1203,1204,Equipment,Fish,small,22.85,698.33,6.0,N
1204,1205,Housing,Fish,medium,15.95,367.33,4.0,Y
1205,1206,Toys,Fish,small,29.06,970.58,4.0,N
1206,1207,Equipment,Cat,small,27.98,1039.91,8.0,N
1207,1208,Medicine,Dog,small,30.18,1085.6,4.0,Y
1208,1209,Medicine,Cat,medium,20.25,750.83,8.0,N
1209,1210,Equipment,Cat,small,28.064999999999998,1032.52,0.0,N
1210,1211,Medicine,Fish,small,20.06,670.46,3.0,Y
1211,1212,Food,Dog,medium,31.17,895.6,5.0,Y
1212,1213,Equipment,Cat,small,28.23,1034.34,5.0,Y
1213,1214,Toys,Fish,small,29.08,968.84,6.0,Y
1214,1215,Medicine,Fish,small,19.78,653.98,7.0,Y
1215,1216,Medicine,Dog,medium,25.12,848.37,6.0,Y
1216,1217,Equipment,Cat,small,27.97,1024.6,6.0,Y
1217,1218,Housing,Bird,large,28.064999999999998,1553.8,0.0,N
1218,1219,Food,Bird,medium,40.82,1202.97,7.0,Y
1219,1220,Housing,Dog,small,30.97,870.65,4.0,Y
1220,1221,Equipment,Cat,small,28.11,1031.47,7.0,N
1221,1222,Medicine,Dog,small,30.2,1096.94,5.0,Y
1222,1223,Equipment,Cat,large,28.064999999999998,1360.05,0.0,Y
1223,1224,Toys,Cat,medium,29.15,1084.58,6.0,N
1224,1225,Medicine,Cat,small,25.08,987.32,7.0,Y
1225,1226,Housing,Fish,small,21.09,539.12,3.0,Y
1226,1227,Toys,Cat,small,34.18,1349.62,5.0,Y
1227,1228,Medicine,Dog,small,29.78,1081.82,4.0,Y
1228,1229,Toys,Fish,large,33.82,1288.45,9.0,N
1229,1230,Medicine,Dog,medium,25.0,837.87,5.0,N
1230,1231,Housing,Cat,small,25.72,814.21,4.0,Y
1231,1232,Food,Dog,medium,30.86,880.72,3.0,Y
1232,1233,Equipment,Dog,medium,28.07,873.86,6.0,Y
1233,1234,Food,Dog,large,28.064999999999998,1461.92,0.0,Y
1234,1235,Medicine,Dog,medium,24.96,838.39,6.0,N
1235,1236,Toys,Fish,medium,23.91,741.86,4.0,Y
1236,1237,Equipment,Bird,medium,38.18,1220.59,4.0,Y
1237,1238,Housing,Dog,medium,25.96,676.39,2.0,Y
1238,1239,Accessory,Dog,large,33.11,1070.83,3.0,N
1239,1240,Food,Dog,large,28.064999999999998,1457.56,0.0,N
1240,1241,Accessory,Dog,medium,23.02,579.38,4.0,Y
1241,1242,Equipment,Fish,small,23.06,705.4,4.0,Y
1242,1243,Medicine,Dog,small,30.0,1082.62,4.0,Y
1243,1244,Food,Fish,large,31.03,1019.89,5.0,Y
1244,1245,Housing,Dog,medium,26.08,682.44,5.0,Y
1245,1246,unknown,Dog,small,39.32,1418.79,8.0,N
1246,1247,Toys,Fish,small,29.17,979.77,7.0,N
1247,1248,Toys,Fish,medium,23.91,742.87,7.0,Y
1248,1249,Food,Dog,medium,31.24,894.09,6.0,N
1249,1250,Housing,Fish,medium,15.82,363.99,4.0,Y
1250,1251,Toys,Cat,small,34.15,1343.57,6.0,N
1251,1252,Housing,Cat,medium,28.064999999999998,614.79,0.0,Y
1252,1253,Equipment,Cat,small,28.3,1040.14,4.0,Y
1253,1254,Medicine,Fish,large,24.91,944.66,5.0,Y
1254,1255,Equipment,Cat,small,27.94,1024.94,7.0,N
1255,1256,Housing,Dog,medium,25.9,671.4,4.0,Y
1256,1257,Toys,Fish,small,29.26,980.1,3.0,N
1257,1258,Equipment,Cat,medium,22.95,790.27,5.0,Y
1258,1259,Medicine,Cat,small,28.064999999999998,985.92,0.0,Y
1259,1260,Housing,Bird,medium,35.82,961.5,2.0,N
1260,1261,Housing,Cat,medium,21.23,621.24,4.0,Y
1261,1262,Toys,Cat,small,33.92,1348.27,4.0,N
1262,1263,Medicine,Cat,small,25.03,981.25,6.0,N
1263,1264,Equipment,Cat,medium,23.04,792.83,4.0,N
1264,1265,Accessory,Bird,large,43.04,1416.72,5.0,Y
1265,1266,Equipment,Cat,small,28.06,1044.42,5.0,Y
1266,1267,Equipment,Dog,medium,28.04,877.14,5.0,N
1267,1268,Accessory,Bird,large,43.06,1420.06,5.0,N
1268,1269,Housing,Dog,large,35.78,1171.97,4.0,Y
1269,1270,Equipment,Cat,medium,23.05,794.78,4.0,Y
1270,1271,Housing,Cat,small,25.92,825.04,3.0,Y
1271,1272,Housing,Fish,medium,16.01,371.46,5.0,Y
1272,1273,Medicine,Fish,small,20.15,670.98,2.0,Y
1273,1274,Toys,Cat,small,28.064999999999998,1337.97,0.0,Y
1274,1275,Food,Cat,medium,26.05,830.96,4.0,Y
1275,1276,Equipment,Cat,small,27.89,1028.62,6.0,Y
1276,1277,Equipment,Cat,small,28.06,1031.23,7.0,N
1277,1278,Toys,Bird,small,48.58,1795.37,4.0,N
1278,1279,Accessory,Bird,large,28.064999999999998,1413.83,0.0,Y
1279,1280,Equipment,Fish,medium,18.02,510.2,5.0,Y
1280,1281,Medicine,Bird,medium,34.97,1204.94,4.0,Y
1281,1282,Equipment,Cat,small,28.12,1038.16,4.0,N
1282,1283,Food,Cat,medium,26.19,840.6,5.0,Y
1283,1284,unknown,Fish,large,27.93,986.13,7.0,Y
1284,1285,Food,Dog,medium,30.99,893.05,5.0,Y
1285,1286,Equipment,Cat,small,28.0,1033.84,6.0,N
1286,1287,Equipment,Fish,small,22.98,705.81,4.0,Y
1287,1288,Food,Cat,small,31.09,1069.09,7.0,Y
1288,1289,Equipment,Fish,small,22.75,700.6,2.0,Y
1289,1290,Toys,Fish,small,28.69,964.06,6.0,Y
1290,1291,Food,Dog,small,36.05,1129.12,5.0,N
1291,1292,Food,Dog,large,40.91,1455.71,7.0,N
1292,1293,Equipment,Cat,medium,23.02,794.39,5.0,N
1293,1294,Medicine,Cat,small,28.064999999999998,1004.82,0.0,Y
1294,1295,Food,Dog,medium,31.05,889.99,2.0,Y
1295,1296,Equipment,Cat,small,28.09,1033.12,7.0,Y
1296,1297,Medicine,Fish,large,24.9,945.5,5.0,Y
1297,1298,Medicine,Fish,medium,14.97,463.22,3.0,Y
1298,1299,Accessory,Bird,large,42.99,1418.66,6.0,N
1299,1300,Medicine,Cat,small,24.83,974.18,6.0,Y
1300,1301,Accessory,Fish,small,18.05,455.22,6.0,Y
1301,1302,Medicine,Dog,small,30.0,1078.38,7.0,N
1302,1303,Food,Cat,small,30.9,1060.34,6.0,Y
1303,1304,Food,Cat,large,36.02,1403.1,5.0,Y
1304,1305,Food,Bird,small,28.064999999999998,1477.55,0.0,Y
1305,1306,Housing,Dog,small,28.064999999999998,879.39,0.0,Y
1306,1307,Toys,Cat,medium,28.95,1073.81,5.0,N
1307,1308,Housing,Dog,large,35.91,1176.79,4.0,Y
1308,1309,Food,Dog,medium,30.95,886.69,6.0,Y
1309,1310,Accessory,Bird,large,43.04,1421.88,4.0,Y
1310,1311,Equipment,Cat,large,33.05,1371.23,8.0,N
1311,1312,Equipment,Cat,small,27.87,1027.15,6.0,N
1312,1313,Accessory,Bird,large,42.96,1413.72,3.0,Y
1313,1314,Accessory,Bird,medium,33.04,857.3,3.0,Y
1314,1315,Equipment,Cat,small,27.96,1027.74,5.0,Y
1315,1316,Medicine,Cat,medium,20.04,743.94,6.0,N
1316,1317,Housing,Cat,small,26.01,833.39,4.0,N
1317,1318,Equipment,Fish,small,23.17,710.89,5.0,Y
1318,1319,Food,Fish,small,25.86,724.43,4.0,N
1319,1320,Food,Bird,medium,41.18,1205.87,6.0,N
1320,1321,Equipment,Cat,small,28.26,1038.15,7.0,N
1321,1322,Medicine,Dog,small,29.91,1086.08,6.0,N
1322,1323,Medicine,Bird,medium,34.87,1208.63,3.0,N
1323,1324,Equipment,Cat,medium,22.77,787.45,8.0,N
1324,1325,Medicine,Dog,medium,25.06,842.69,5.0,Y
1325,1326,Medicine,Cat,small,25.0,990.45,5.0,Y
1326,1327,Food,Bird,small,46.01,1456.73,3.0,Y
1327,1328,Food,Dog,large,41.07,1464.07,6.0,N
1328,1329,Toys,Dog,small,39.01,1417.4,6.0,Y
1329,1330,Medicine,Cat,small,25.2,997.89,6.0,Y
1330,1331,Housing,Cat,small,25.95,828.94,4.0,Y
1331,1332,Equipment,Dog,small,33.01,1105.18,5.0,N
1332,1333,Equipment,Cat,small,27.86,1029.26,7.0,Y
1333,1334,Toys,Cat,small,34.23,1364.51,7.0,Y
1334,1335,Equipment,Cat,medium,22.91,793.46,7.0,Y
1335,1336,Medicine,Fish,small,19.88,658.41,6.0,N
1336,1337,Housing,Dog,large,35.92,1184.25,4.0,Y
1337,1338,Housing,Dog,medium,25.86,670.9,3.0,Y
1338,1339,Food,Dog,small,36.07,1119.69,5.0,N
1339,1340,Food,Fish,small,26.01,735.55,4.0,Y
1340,1341,Accessory,Dog,small,27.92,763.01,3.0,Y
1341,1342,Medicine,Fish,medium,15.0,460.0,5.0,Y
1342,1343,Equipment,Fish,small,28.064999999999998,709.77,0.0,Y
1343,1344,Housing,Bird,medium,36.18,971.62,4.0,Y
1344,1345,Accessory,Dog,medium,23.06,586.24,3.0,N
1345,1346,Medicine,Fish,small,19.94,669.91,6.0,Y
1346,1347,Accessory,Bird,large,43.07,1419.57,2.0,Y
1347,1348,Medicine,Cat,small,25.52,1006.84,3.0,Y
1348,1349,Housing,Fish,medium,15.94,366.26,5.0,Y
1349,1350,Housing,Fish,medium,16.16,371.36,5.0,N
1350,1351,Food,Bird,medium,41.13,1205.72,5.0,N
1351,1352,Equipment,Dog,small,32.74,1092.07,4.0,N
1352,1353,Equipment,Dog,small,33.06,1112.52,5.0,N
1353,1354,Medicine,Fish,medium,28.064999999999998,463.11,0.0,Y
1354,1355,Toys,Cat,small,34.18,1353.65,6.0,Y
1355,1356,Equipment,Cat,small,27.91,1026.25,7.0,Y
1356,1357,Equipment,Cat,small,28.04,1031.53,6.0,Y
1357,1358,Medicine,Fish,large,25.06,951.17,5.0,Y
1358,1359,Housing,Cat,small,26.3,829.47,5.0,N
1359,1360,Housing,Fish,medium,15.77,362.05,5.0,Y
1360,1361,Equipment,Cat,medium,23.19,799.47,3.0,Y
1361,1362,Toys,Bird,medium,43.84,1520.01,5.0,N
1362,1363,Medicine,Fish,small,20.04,662.93,6.0,Y
1363,1364,Medicine,Cat,small,28.064999999999998,1011.46,0.0,N
1364,1365,Equipment,Dog,medium,27.97,873.61,3.0,N
1365,1366,Equipment,Dog,medium,28.03,869.3,6.0,N
1366,1367,Equipment,Dog,small,33.06,1111.79,5.0,Y
1367,1368,Food,Bird,medium,41.07,1203.75,6.0,N
1368,1369,Toys,Cat,medium,28.99,1079.9,8.0,N
1369,1370,Equipment,Dog,small,33.43,1121.91,5.0,Y
1370,1371,unknown,Bird,small,37.92,1089.88,6.0,N
1371,1372,Equipment,Fish,small,22.95,704.17,3.0,Y
1372,1373,Accessory,Bird,large,42.91,1407.59,6.0,N
1373,1374,Toys,Fish,small,28.75,957.13,7.0,Y
1374,1375,Equipment,Cat,small,27.82,1025.73,5.0,N
1375,1376,Medicine,Fish,medium,15.22,468.34,4.0,N
1376,1377,Equipment,Cat,medium,28.064999999999998,795.74,0.0,N
1377,1378,Equipment,Cat,small,28.064999999999998,1054.05,0.0,Y
1378,1379,Equipment,Cat,small,27.74,1019.3,6.0,Y
1379,1380,Toys,Fish,small,29.35,991.57,3.0,Y
1380,1381,Equipment,Cat,medium,23.07,794.03,5.0,N
1381,1382,Equipment,Dog,small,32.79,1098.65,5.0,N
1382,1383,Toys,Cat,large,39.04,1723.87,8.0,Y
1383,1384,Housing,Dog,small,30.85,876.4,5.0,Y
1384,1385,Accessory,Fish,medium,13.02,290.77,4.0,Y
1385,1386,Medicine,Dog,small,29.92,1090.37,3.0,Y
1386,1387,Toys,Cat,small,34.24,1358.2,4.0,Y
1387,1388,Accessory,Dog,large,32.82,1057.8,6.0,Y
1388,1389,Toys,Cat,small,33.97,1339.38,8.0,Y
1389,1390,Housing,Cat,medium,20.95,612.38,5.0,N
1390,1391,Food,Dog,medium,31.17,897.03,5.0,Y
1391,1392,Accessory,Cat,medium,28.064999999999998,511.95,0.0,Y
1392,1393,Medicine,Cat,small,24.86,977.27,4.0,Y
1393,1394,Toys,Fish,small,29.53,990.59,6.0,Y
1394,1395,Housing,Dog,large,28.064999999999998,1178.31,0.0,Y
1395,1396,Equipment,Cat,small,28.064999999999998,1033.69,0.0,Y
1396,1397,Equipment,Cat,small,27.99,1035.36,6.0,Y
1397,1398,Housing,Bird,large,46.18,1554.04,7.0,Y
1398,1399,Food,Cat,small,30.82,1068.42,4.0,Y
1399,1400,Medicine,Cat,large,30.0,1317.64,9.0,Y
1400,1401,Housing,Bird,medium,28.064999999999998,966.29,0.0,N
1401,1402,Food,Bird,medium,41.11,1207.12,4.0,Y
1402,1403,Housing,Cat,medium,21.08,613.94,4.0,Y
1403,1404,Equipment,Fish,small,22.98,704.63,3.0,Y
1404,1405,Food,Fish,medium,21.09,544.1,4.0,N
1405,1406,Accessory,Bird,large,28.064999999999998,1421.75,0.0,Y
1406,1407,Medicine,Cat,small,25.12,998.18,7.0,N
1407,1408,Accessory,Fish,small,17.98,446.2,6.0,N
1408,1409,Housing,Fish,large,28.064999999999998,791.34,0.0,N
1409,1410,Equipment,Cat,small,27.75,1024.28,6.0,N
1410,1411,Equipment,Fish,small,23.15,710.12,4.0,Y
1411,1412,Food,Fish,small,25.85,737.24,4.0,N
1412,1413,Equipment,Dog,small,33.13,1114.69,5.0,Y
1413,1414,Accessory,Bird,large,42.99,1420.28,5.0,N
1414,1415,Equipment,Fish,medium,18.24,517.65,4.0,Y
1415,1416,Equipment,Cat,small,28.01,1030.87,7.0,Y
1416,1417,Equipment,Bird,large,48.0,1873.47,3.0,Y
1417,1418,Equipment,Cat,small,27.81,1022.77,5.0,N
1418,1419,Food,Dog,medium,31.13,895.97,5.0,Y
1419,1420,Housing,Cat,small,26.0,829.64,4.0,Y
1420,1421,Toys,Cat,medium,29.1,1083.16,5.0,Y
1421,1422,Accessory,Dog,large,33.09,1062.99,5.0,N
1422,1423,Accessory,Cat,medium,17.93,512.64,6.0,Y
1423,1424,Food,Fish,small,26.53,755.94,2.0,N
1424,1425,Equipment,Cat,small,27.9,1027.92,4.0,Y
1425,1426,Equipment,Fish,medium,17.95,507.07,6.0,Y
1426,1427,Equipment,Cat,medium,23.25,803.69,7.0,Y
1427,1428,Food,Fish,small,25.71,724.38,4.0,Y
1428,1429,Housing,Fish,medium,16.03,370.02,2.0,Y
1429,1430,Medicine,Cat,medium,19.86,737.46,6.0,N
1430,1431,Toys,Fish,small,29.28,982.77,5.0,Y
1431,1432,Accessory,Bird,large,43.04,1417.97,4.0,N
1432,1433,Housing,Fish,medium,16.07,370.91,2.0,Y
1433,1434,Equipment,Fish,small,28.064999999999998,708.15,0.0,N
1434,1435,Medicine,Cat,small,25.35,999.07,6.0,N
1435,1436,Medicine,Fish,small,28.064999999999998,674.58,0.0,Y
1436,1437,Equipment,Dog,small,32.9,1104.94,5.0,N
1437,1438,Equipment,Cat,small,27.75,1024.41,7.0,N
1438,1439,Equipment,Cat,small,27.89,1026.29,6.0,N
1439,1440,Equipment,Cat,medium,22.75,783.11,4.0,Y
1440,1441,Food,Bird,large,51.06,1853.36,5.0,N
1441,1442,Medicine,Fish,medium,15.08,463.93,3.0,Y
1442,1443,Toys,Bird,large,54.07,2255.96,8.0,Y
1443,1444,Toys,Dog,medium,33.79,1143.62,4.0,Y
1444,1445,Food,Cat,medium,26.0,839.11,3.0,N
1445,1446,Medicine,Bird,medium,35.07,1207.88,6.0,N
1446,1447,Housing,Dog,medium,26.09,674.68,1.0,Y
1447,1448,Medicine,Fish,medium,28.064999999999998,456.96,0.0,Y
1448,1449,Accessory,Bird,large,42.98,1416.93,3.0,N
1449,1450,Accessory,Fish,small,17.94,443.36,5.0,N
1450,1451,Toys,Dog,medium,33.94,1155.59,3.0,N
1451,1452,Equipment,Fish,small,22.92,707.12,6.0,Y
1452,1453,Equipment,Cat,small,28.09,1032.96,8.0,Y
1453,1454,Equipment,Cat,small,28.14,1033.12,5.0,N
1454,1455,Food,Fish,medium,21.0,541.81,1.0,Y
1455,1456,Accessory,Dog,large,33.08,1061.09,8.0,Y
1456,1457,Medicine,Dog,small,29.79,1071.42,6.0,Y
1457,1458,Equipment,Cat,small,27.85,1031.72,4.0,Y
1458,1459,Toys,Cat,small,33.94,1355.68,7.0,N
1459,1460,Toys,Cat,small,33.78,1339.86,4.0,Y
1460,1461,Equipment,Cat,small,28.25,1038.91,3.0,Y
1461,1462,Medicine,Bird,medium,35.04,1204.44,4.0,Y
1462,1463,Food,Cat,medium,26.11,835.34,6.0,Y
1463,1464,Accessory,Dog,large,33.09,1060.98,7.0,N
1464,1465,Accessory,Bird,medium,33.04,856.44,4.0,Y
1465,1466,Housing,Cat,medium,21.02,617.82,5.0,N
1466,1467,Equipment,Cat,medium,22.98,794.29,5.0,Y
1467,1468,Medicine,Cat,small,24.91,982.9,6.0,N
1468,1469,Food,Bird,small,45.96,1468.75,5.0,N
1469,1470,Equipment,Fish,small,28.064999999999998,710.47,0.0,N
1470,1471,Equipment,Fish,small,23.05,706.21,5.0,Y
1471,1472,Toys,Fish,small,28.064999999999998,976.63,0.0,N
1472,1473,Equipment,Fish,small,22.96,701.39,6.0,Y
1473,1474,Medicine,Dog,small,29.81,1079.33,5.0,N
1474,1475,Food,Bird,medium,41.16,1213.07,3.0,N
1475,1476,Toys,Cat,medium,29.05,1079.45,7.0,Y
1476,1477,Housing,Bird,large,28.064999999999998,1567.31,0.0,Y
1477,1478,Housing,Cat,small,25.78,819.79,5.0,N
1478,1479,Accessory,Bird,large,42.99,1419.96,4.0,N
1479,1480,Housing,Fish,large,26.01,780.17,3.0,Y
1480,1481,Food,Bird,medium,40.98,1212.22,4.0,N
1481,1482,Toys,Cat,medium,29.0,1084.78,5.0,Y
1482,1483,Toys,Cat,small,34.04,1352.33,5.0,Y
1483,1484,Equipment,Cat,small,28.064999999999998,1037.81,0.0,Y
1484,1485,Equipment,Cat,small,28.03,1039.06,6.0,Y
1485,1486,Housing,Cat,medium,21.01,615.22,3.0,Y
1486,1487,Toys,Fish,small,29.1,981.97,4.0,Y
1487,1488,Medicine,Fish,small,19.94,663.56,7.0,N
1488,1489,Equipment,Fish,small,23.25,713.67,3.0,Y
1489,1490,Accessory,Bird,large,43.05,1427.33,4.0,N
1490,1491,Medicine,Cat,medium,20.14,746.16,7.0,Y
1491,1492,Toys,Cat,small,34.23,1365.7,5.0,N
1492,1493,Medicine,Cat,small,24.95,993.08,7.0,Y
1493,1494,Housing,Fish,small,21.0,535.9,3.0,Y
1494,1495,Medicine,Bird,small,39.96,1478.99,3.0,N
1495,1496,Food,Bird,medium,40.91,1203.36,5.0,N
1496,1497,Equipment,Dog,small,32.89,1099.97,5.0,N
1497,1498,Food,Fish,small,25.79,724.02,3.0,N
1498,1499,Medicine,Fish,small,19.94,658.66,5.0,Y
1499,1500,Food,Cat,medium,25.95,826.08,4.0,Y
